ID;Lugar;Posicion;ID2;Anio;Mes;Dia;precipitaciones
180005;Chacalluta, Arica Ap.;18&deg 21' 20'' S;50;2023;1;1;0.0
180005;Chacalluta, Arica Ap.;18&deg 21' 20'' S;50;2023;1;2;0.0
180005;Chacalluta, Arica Ap.;18&deg 21' 20'' S;50;2023;1;3;0.0
180005;Chacalluta, Arica Ap.;18&deg 21' 20'' S;50;2023;1;4;0.0
180005;Chacalluta, Arica Ap.;18&deg 21' 20'' S;50;2023;1;5;0.0
180005;Chacalluta, Arica Ap.;18&deg 21' 20'' S;50;2023;1;6;0.0
180005;Chacalluta, Arica Ap.;18&deg 21' 20'' S;50;2023;1;7;0.0
180005;Chacalluta, Arica Ap.;18&deg 21' 20'' S;50;2023;1;8;0.0
180005;Chacalluta, Arica Ap.;18&deg 21' 20'' S;50;2023;1;9;0.0
180005;Chacalluta, Arica Ap.;18&deg 21' 20'' S;50;2023;1;10;0.0
180005;Chacalluta, Arica Ap.;18&deg 21' 20'' S;50;2023;1;11;0.0
180005;Chacalluta, Arica Ap.;18&deg 21' 20'' S;50;2023;1;12;0.0
180005;Chacalluta, Arica Ap.;18&deg 21' 20'' S;50;2023;1;13;0.0
180005;Chacalluta, Arica Ap.;18&deg 21' 20'' S;50;2023;1;14;0.0
180005;Chacalluta, Arica Ap.;18&deg 21' 20'' S;50;2023;1;15;0.0
180005;Chacalluta, Arica Ap.;18&deg 21' 20'' S;50;2023;1;16;0.0
180005;Chacalluta, Arica Ap.;18&deg 21' 20'' S;50;2023;1;17;0.0
180005;Chacalluta, Arica Ap.;18&deg 21' 20'' S;50;2023;1;18;0.0
180005;Chacalluta, Arica Ap.;18&deg 21' 20'' S;50;2023;1;19;0.0
180005;Chacalluta, Arica Ap.;18&deg 21' 20'' S;50;2023;1;20;0.0
180005;Chacalluta, Arica Ap.;18&deg 21' 20'' S;50;2023;1;21;0.0
180005;Chacalluta, Arica Ap.;18&deg 21' 20'' S;50;2023;1;22;0.0
180005;Chacalluta, Arica Ap.;18&deg 21' 20'' S;50;2023;1;23;0.0
180005;Chacalluta, Arica Ap.;18&deg 21' 20'' S;50;2023;1;24;0.0
180005;Chacalluta, Arica Ap.;18&deg 21' 20'' S;50;2023;1;25;0.0
180005;Chacalluta, Arica Ap.;18&deg 21' 20'' S;50;2023;1;26;0.0
180005;Chacalluta, Arica Ap.;18&deg 21' 20'' S;50;2023;1;27;0.0
180005;Chacalluta, Arica Ap.;18&deg 21' 20'' S;50;2023;1;28;0.0
180005;Chacalluta, Arica Ap.;18&deg 21' 20'' S;50;2023;1;29;0.0
180005;Chacalluta, Arica Ap.;18&deg 21' 20'' S;50;2023;1;30;0.0
180005;Chacalluta, Arica Ap.;18&deg 21' 20'' S;50;2023;1;31;0.2
200006;Diego Aracena Iquique Ap.;20&deg 32' 57'' S;48;2023;1;1;0.0
200006;Diego Aracena Iquique Ap.;20&deg 32' 57'' S;48;2023;1;2;0.0
200006;Diego Aracena Iquique Ap.;20&deg 32' 57'' S;48;2023;1;3;0.0
200006;Diego Aracena Iquique Ap.;20&deg 32' 57'' S;48;2023;1;4;0.0
200006;Diego Aracena Iquique Ap.;20&deg 32' 57'' S;48;2023;1;5;0.0
200006;Diego Aracena Iquique Ap.;20&deg 32' 57'' S;48;2023;1;6;0.0
200006;Diego Aracena Iquique Ap.;20&deg 32' 57'' S;48;2023;1;7;0.0
200006;Diego Aracena Iquique Ap.;20&deg 32' 57'' S;48;2023;1;8;0.0
200006;Diego Aracena Iquique Ap.;20&deg 32' 57'' S;48;2023;1;9;0.0
200006;Diego Aracena Iquique Ap.;20&deg 32' 57'' S;48;2023;1;10;0.0
200006;Diego Aracena Iquique Ap.;20&deg 32' 57'' S;48;2023;1;11;0.0
200006;Diego Aracena Iquique Ap.;20&deg 32' 57'' S;48;2023;1;12;0.0
200006;Diego Aracena Iquique Ap.;20&deg 32' 57'' S;48;2023;1;13;0.0
200006;Diego Aracena Iquique Ap.;20&deg 32' 57'' S;48;2023;1;14;0.0
200006;Diego Aracena Iquique Ap.;20&deg 32' 57'' S;48;2023;1;15;0.0
200006;Diego Aracena Iquique Ap.;20&deg 32' 57'' S;48;2023;1;16;0.0
200006;Diego Aracena Iquique Ap.;20&deg 32' 57'' S;48;2023;1;17;0.0
200006;Diego Aracena Iquique Ap.;20&deg 32' 57'' S;48;2023;1;18;0.0
200006;Diego Aracena Iquique Ap.;20&deg 32' 57'' S;48;2023;1;19;0.0
200006;Diego Aracena Iquique Ap.;20&deg 32' 57'' S;48;2023;1;20;0.0
200006;Diego Aracena Iquique Ap.;20&deg 32' 57'' S;48;2023;1;21;0.0
200006;Diego Aracena Iquique Ap.;20&deg 32' 57'' S;48;2023;1;22;0.0
200006;Diego Aracena Iquique Ap.;20&deg 32' 57'' S;48;2023;1;23;0.0
200006;Diego Aracena Iquique Ap.;20&deg 32' 57'' S;48;2023;1;24;0.0
200006;Diego Aracena Iquique Ap.;20&deg 32' 57'' S;48;2023;1;25;0.0
200006;Diego Aracena Iquique Ap.;20&deg 32' 57'' S;48;2023;1;26;0.0
200006;Diego Aracena Iquique Ap.;20&deg 32' 57'' S;48;2023;1;27;0.0
200006;Diego Aracena Iquique Ap.;20&deg 32' 57'' S;48;2023;1;28;0.0
200006;Diego Aracena Iquique Ap.;20&deg 32' 57'' S;48;2023;1;29;0.0
200006;Diego Aracena Iquique Ap.;20&deg 32' 57'' S;48;2023;1;30;0.0
200006;Diego Aracena Iquique Ap.;20&deg 32' 57'' S;48;2023;1;31;0.0
220002;El Loa, Calama Ad.;22&deg 29' 53'' S;2321;2023;1;1;0.0
220002;El Loa, Calama Ad.;22&deg 29' 53'' S;2321;2023;1;2;0.0
220002;El Loa, Calama Ad.;22&deg 29' 53'' S;2321;2023;1;3;0.0
220002;El Loa, Calama Ad.;22&deg 29' 53'' S;2321;2023;1;4;0.0
220002;El Loa, Calama Ad.;22&deg 29' 53'' S;2321;2023;1;5;0.0
220002;El Loa, Calama Ad.;22&deg 29' 53'' S;2321;2023;1;6;0.0
220002;El Loa, Calama Ad.;22&deg 29' 53'' S;2321;2023;1;7;0.0
220002;El Loa, Calama Ad.;22&deg 29' 53'' S;2321;2023;1;8;0.0
220002;El Loa, Calama Ad.;22&deg 29' 53'' S;2321;2023;1;9;0.0
220002;El Loa, Calama Ad.;22&deg 29' 53'' S;2321;2023;1;10;0.0
220002;El Loa, Calama Ad.;22&deg 29' 53'' S;2321;2023;1;11;0.0
220002;El Loa, Calama Ad.;22&deg 29' 53'' S;2321;2023;1;12;0.0
220002;El Loa, Calama Ad.;22&deg 29' 53'' S;2321;2023;1;13;0.0
220002;El Loa, Calama Ad.;22&deg 29' 53'' S;2321;2023;1;14;0.0
220002;El Loa, Calama Ad.;22&deg 29' 53'' S;2321;2023;1;15;0.0
220002;El Loa, Calama Ad.;22&deg 29' 53'' S;2321;2023;1;16;0.0
220002;El Loa, Calama Ad.;22&deg 29' 53'' S;2321;2023;1;17;0.0
220002;El Loa, Calama Ad.;22&deg 29' 53'' S;2321;2023;1;18;0.0
220002;El Loa, Calama Ad.;22&deg 29' 53'' S;2321;2023;1;19;0.0
220002;El Loa, Calama Ad.;22&deg 29' 53'' S;2321;2023;1;20;0.0
220002;El Loa, Calama Ad.;22&deg 29' 53'' S;2321;2023;1;21;0.0
220002;El Loa, Calama Ad.;22&deg 29' 53'' S;2321;2023;1;22;0.0
220002;El Loa, Calama Ad.;22&deg 29' 53'' S;2321;2023;1;23;0.0
220002;El Loa, Calama Ad.;22&deg 29' 53'' S;2321;2023;1;24;0.0
220002;El Loa, Calama Ad.;22&deg 29' 53'' S;2321;2023;1;25;0.0
220002;El Loa, Calama Ad.;22&deg 29' 53'' S;2321;2023;1;26;0.0
220002;El Loa, Calama Ad.;22&deg 29' 53'' S;2321;2023;1;27;0.0
220002;El Loa, Calama Ad.;22&deg 29' 53'' S;2321;2023;1;28;0.0
220002;El Loa, Calama Ad.;22&deg 29' 53'' S;2321;2023;1;29;0.0
220002;El Loa, Calama Ad.;22&deg 29' 53'' S;2321;2023;1;30;0.0
220002;El Loa, Calama Ad.;22&deg 29' 53'' S;2321;2023;1;31;0.0
230001;Cerro Moreno  Antofagasta  Ap.;23&deg 27' 13'' S;112;2023;1;1;0.0
230001;Cerro Moreno  Antofagasta  Ap.;23&deg 27' 13'' S;112;2023;1;2;0.0
230001;Cerro Moreno  Antofagasta  Ap.;23&deg 27' 13'' S;112;2023;1;3;0.0
230001;Cerro Moreno  Antofagasta  Ap.;23&deg 27' 13'' S;112;2023;1;4;0.0
230001;Cerro Moreno  Antofagasta  Ap.;23&deg 27' 13'' S;112;2023;1;5;0.0
230001;Cerro Moreno  Antofagasta  Ap.;23&deg 27' 13'' S;112;2023;1;6;0.0
230001;Cerro Moreno  Antofagasta  Ap.;23&deg 27' 13'' S;112;2023;1;7;0.0
230001;Cerro Moreno  Antofagasta  Ap.;23&deg 27' 13'' S;112;2023;1;8;0.0
230001;Cerro Moreno  Antofagasta  Ap.;23&deg 27' 13'' S;112;2023;1;9;0.0
230001;Cerro Moreno  Antofagasta  Ap.;23&deg 27' 13'' S;112;2023;1;10;0.0
230001;Cerro Moreno  Antofagasta  Ap.;23&deg 27' 13'' S;112;2023;1;11;0.0
230001;Cerro Moreno  Antofagasta  Ap.;23&deg 27' 13'' S;112;2023;1;12;0.0
230001;Cerro Moreno  Antofagasta  Ap.;23&deg 27' 13'' S;112;2023;1;13;0.0
230001;Cerro Moreno  Antofagasta  Ap.;23&deg 27' 13'' S;112;2023;1;14;0.0
230001;Cerro Moreno  Antofagasta  Ap.;23&deg 27' 13'' S;112;2023;1;15;0.0
230001;Cerro Moreno  Antofagasta  Ap.;23&deg 27' 13'' S;112;2023;1;16;0.0
230001;Cerro Moreno  Antofagasta  Ap.;23&deg 27' 13'' S;112;2023;1;17;0.0
230001;Cerro Moreno  Antofagasta  Ap.;23&deg 27' 13'' S;112;2023;1;18;0.0
230001;Cerro Moreno  Antofagasta  Ap.;23&deg 27' 13'' S;112;2023;1;19;0.0
230001;Cerro Moreno  Antofagasta  Ap.;23&deg 27' 13'' S;112;2023;1;20;0.0
230001;Cerro Moreno  Antofagasta  Ap.;23&deg 27' 13'' S;112;2023;1;21;0.0
230001;Cerro Moreno  Antofagasta  Ap.;23&deg 27' 13'' S;112;2023;1;22;0.0
230001;Cerro Moreno  Antofagasta  Ap.;23&deg 27' 13'' S;112;2023;1;23;0.0
230001;Cerro Moreno  Antofagasta  Ap.;23&deg 27' 13'' S;112;2023;1;24;0.0
230001;Cerro Moreno  Antofagasta  Ap.;23&deg 27' 13'' S;112;2023;1;25;0.0
230001;Cerro Moreno  Antofagasta  Ap.;23&deg 27' 13'' S;112;2023;1;26;0.0
230001;Cerro Moreno  Antofagasta  Ap.;23&deg 27' 13'' S;112;2023;1;27;0.0
230001;Cerro Moreno  Antofagasta  Ap.;23&deg 27' 13'' S;112;2023;1;28;0.0
230001;Cerro Moreno  Antofagasta  Ap.;23&deg 27' 13'' S;112;2023;1;29;0.0
230001;Cerro Moreno  Antofagasta  Ap.;23&deg 27' 13'' S;112;2023;1;30;0.0
230001;Cerro Moreno  Antofagasta  Ap.;23&deg 27' 13'' S;112;2023;1;31;0.0
270001;Mataveri  Isla de Pascua Ap.;27&deg 9' 32'' S;44;2023;1;1;0.4
270001;Mataveri  Isla de Pascua Ap.;27&deg 9' 32'' S;44;2023;1;2;0.0
270001;Mataveri  Isla de Pascua Ap.;27&deg 9' 32'' S;44;2023;1;3;0.0
270001;Mataveri  Isla de Pascua Ap.;27&deg 9' 32'' S;44;2023;1;4;0.0
270001;Mataveri  Isla de Pascua Ap.;27&deg 9' 32'' S;44;2023;1;5;0.0
270001;Mataveri  Isla de Pascua Ap.;27&deg 9' 32'' S;44;2023;1;6;0.6
270001;Mataveri  Isla de Pascua Ap.;27&deg 9' 32'' S;44;2023;1;7;0.4
270001;Mataveri  Isla de Pascua Ap.;27&deg 9' 32'' S;44;2023;1;8;0.4
270001;Mataveri  Isla de Pascua Ap.;27&deg 9' 32'' S;44;2023;1;9;0.8
270001;Mataveri  Isla de Pascua Ap.;27&deg 9' 32'' S;44;2023;1;10;4.4
270001;Mataveri  Isla de Pascua Ap.;27&deg 9' 32'' S;44;2023;1;11;3.0
270001;Mataveri  Isla de Pascua Ap.;27&deg 9' 32'' S;44;2023;1;12;1.0
270001;Mataveri  Isla de Pascua Ap.;27&deg 9' 32'' S;44;2023;1;13;1.5
270001;Mataveri  Isla de Pascua Ap.;27&deg 9' 32'' S;44;2023;1;14;0.6
270001;Mataveri  Isla de Pascua Ap.;27&deg 9' 32'' S;44;2023;1;15;0.0
270001;Mataveri  Isla de Pascua Ap.;27&deg 9' 32'' S;44;2023;1;16;0.0
270001;Mataveri  Isla de Pascua Ap.;27&deg 9' 32'' S;44;2023;1;17;0.3
270001;Mataveri  Isla de Pascua Ap.;27&deg 9' 32'' S;44;2023;1;18;0.0
270001;Mataveri  Isla de Pascua Ap.;27&deg 9' 32'' S;44;2023;1;19;0.0
270001;Mataveri  Isla de Pascua Ap.;27&deg 9' 32'' S;44;2023;1;20;0.0
270001;Mataveri  Isla de Pascua Ap.;27&deg 9' 32'' S;44;2023;1;21;1.8
270001;Mataveri  Isla de Pascua Ap.;27&deg 9' 32'' S;44;2023;1;22;7.4
270001;Mataveri  Isla de Pascua Ap.;27&deg 9' 32'' S;44;2023;1;23;8.6
270001;Mataveri  Isla de Pascua Ap.;27&deg 9' 32'' S;44;2023;1;24;0.0
270001;Mataveri  Isla de Pascua Ap.;27&deg 9' 32'' S;44;2023;1;25;0.0
270001;Mataveri  Isla de Pascua Ap.;27&deg 9' 32'' S;44;2023;1;26;0.0
270001;Mataveri  Isla de Pascua Ap.;27&deg 9' 32'' S;44;2023;1;27;3.0
270001;Mataveri  Isla de Pascua Ap.;27&deg 9' 32'' S;44;2023;1;28;1.0
270001;Mataveri  Isla de Pascua Ap.;27&deg 9' 32'' S;44;2023;1;29;5.6
270001;Mataveri  Isla de Pascua Ap.;27&deg 9' 32'' S;44;2023;1;30;0.0
270001;Mataveri  Isla de Pascua Ap.;27&deg 9' 32'' S;44;2023;1;31;1.0
270008;Desierto de Atacama, Caldera  Ad.;27&deg 15' 16'' S;197;2023;1;1;0.0
270008;Desierto de Atacama, Caldera  Ad.;27&deg 15' 16'' S;197;2023;1;2;0.0
270008;Desierto de Atacama, Caldera  Ad.;27&deg 15' 16'' S;197;2023;1;3;0.0
270008;Desierto de Atacama, Caldera  Ad.;27&deg 15' 16'' S;197;2023;1;4;0.0
270008;Desierto de Atacama, Caldera  Ad.;27&deg 15' 16'' S;197;2023;1;5;0.0
270008;Desierto de Atacama, Caldera  Ad.;27&deg 15' 16'' S;197;2023;1;6;0.0
270008;Desierto de Atacama, Caldera  Ad.;27&deg 15' 16'' S;197;2023;1;7;0.0
270008;Desierto de Atacama, Caldera  Ad.;27&deg 15' 16'' S;197;2023;1;8;0.0
270008;Desierto de Atacama, Caldera  Ad.;27&deg 15' 16'' S;197;2023;1;9;0.0
270008;Desierto de Atacama, Caldera  Ad.;27&deg 15' 16'' S;197;2023;1;10;0.0
270008;Desierto de Atacama, Caldera  Ad.;27&deg 15' 16'' S;197;2023;1;11;0.0
270008;Desierto de Atacama, Caldera  Ad.;27&deg 15' 16'' S;197;2023;1;12;0.0
270008;Desierto de Atacama, Caldera  Ad.;27&deg 15' 16'' S;197;2023;1;13;0.0
270008;Desierto de Atacama, Caldera  Ad.;27&deg 15' 16'' S;197;2023;1;14;0.0
270008;Desierto de Atacama, Caldera  Ad.;27&deg 15' 16'' S;197;2023;1;15;0.0
270008;Desierto de Atacama, Caldera  Ad.;27&deg 15' 16'' S;197;2023;1;16;0.0
270008;Desierto de Atacama, Caldera  Ad.;27&deg 15' 16'' S;197;2023;1;17;0.0
270008;Desierto de Atacama, Caldera  Ad.;27&deg 15' 16'' S;197;2023;1;18;0.0
270008;Desierto de Atacama, Caldera  Ad.;27&deg 15' 16'' S;197;2023;1;19;0.0
270008;Desierto de Atacama, Caldera  Ad.;27&deg 15' 16'' S;197;2023;1;20;0.0
270008;Desierto de Atacama, Caldera  Ad.;27&deg 15' 16'' S;197;2023;1;21;0.0
270008;Desierto de Atacama, Caldera  Ad.;27&deg 15' 16'' S;197;2023;1;22;0.0
270008;Desierto de Atacama, Caldera  Ad.;27&deg 15' 16'' S;197;2023;1;23;0.0
270008;Desierto de Atacama, Caldera  Ad.;27&deg 15' 16'' S;197;2023;1;24;0.0
270008;Desierto de Atacama, Caldera  Ad.;27&deg 15' 16'' S;197;2023;1;25;0.0
270008;Desierto de Atacama, Caldera  Ad.;27&deg 15' 16'' S;197;2023;1;26;0.0
270008;Desierto de Atacama, Caldera  Ad.;27&deg 15' 16'' S;197;2023;1;27;0.0
270008;Desierto de Atacama, Caldera  Ad.;27&deg 15' 16'' S;197;2023;1;28;0.1
270008;Desierto de Atacama, Caldera  Ad.;27&deg 15' 16'' S;197;2023;1;29;0.0
270008;Desierto de Atacama, Caldera  Ad.;27&deg 15' 16'' S;197;2023;1;30;0.0
270008;Desierto de Atacama, Caldera  Ad.;27&deg 15' 16'' S;197;2023;1;31;0.2
290004;La Florida, La Serena Ad.;29&deg 54' 52'' S;137;2023;1;1;0.0
290004;La Florida, La Serena Ad.;29&deg 54' 52'' S;137;2023;1;2;0.0
290004;La Florida, La Serena Ad.;29&deg 54' 52'' S;137;2023;1;3;0.0
290004;La Florida, La Serena Ad.;29&deg 54' 52'' S;137;2023;1;4;0.0
290004;La Florida, La Serena Ad.;29&deg 54' 52'' S;137;2023;1;5;0.0
290004;La Florida, La Serena Ad.;29&deg 54' 52'' S;137;2023;1;6;0.0
290004;La Florida, La Serena Ad.;29&deg 54' 52'' S;137;2023;1;7;0.0
290004;La Florida, La Serena Ad.;29&deg 54' 52'' S;137;2023;1;8;0.0
290004;La Florida, La Serena Ad.;29&deg 54' 52'' S;137;2023;1;9;0.0
290004;La Florida, La Serena Ad.;29&deg 54' 52'' S;137;2023;1;10;0.0
290004;La Florida, La Serena Ad.;29&deg 54' 52'' S;137;2023;1;11;0.0
290004;La Florida, La Serena Ad.;29&deg 54' 52'' S;137;2023;1;12;0.0
290004;La Florida, La Serena Ad.;29&deg 54' 52'' S;137;2023;1;13;0.0
290004;La Florida, La Serena Ad.;29&deg 54' 52'' S;137;2023;1;14;0.0
290004;La Florida, La Serena Ad.;29&deg 54' 52'' S;137;2023;1;15;0.0
290004;La Florida, La Serena Ad.;29&deg 54' 52'' S;137;2023;1;16;0.0
290004;La Florida, La Serena Ad.;29&deg 54' 52'' S;137;2023;1;17;0.0
290004;La Florida, La Serena Ad.;29&deg 54' 52'' S;137;2023;1;18;0.0
290004;La Florida, La Serena Ad.;29&deg 54' 52'' S;137;2023;1;19;0.0
290004;La Florida, La Serena Ad.;29&deg 54' 52'' S;137;2023;1;20;0.0
290004;La Florida, La Serena Ad.;29&deg 54' 52'' S;137;2023;1;21;0.0
290004;La Florida, La Serena Ad.;29&deg 54' 52'' S;137;2023;1;22;0.0
290004;La Florida, La Serena Ad.;29&deg 54' 52'' S;137;2023;1;23;0.0
290004;La Florida, La Serena Ad.;29&deg 54' 52'' S;137;2023;1;24;0.0
290004;La Florida, La Serena Ad.;29&deg 54' 52'' S;137;2023;1;25;0.0
290004;La Florida, La Serena Ad.;29&deg 54' 52'' S;137;2023;1;26;0.0
290004;La Florida, La Serena Ad.;29&deg 54' 52'' S;137;2023;1;27;0.0
290004;La Florida, La Serena Ad.;29&deg 54' 52'' S;137;2023;1;28;0.0
290004;La Florida, La Serena Ad.;29&deg 54' 52'' S;137;2023;1;29;0.0
290004;La Florida, La Serena Ad.;29&deg 54' 52'' S;137;2023;1;30;0.0
290004;La Florida, La Serena Ad.;29&deg 54' 52'' S;137;2023;1;31;0.0
330007;Rodelillo, Ad.;33&deg 3' 55'' S;330;2023;1;1;0.0
330007;Rodelillo, Ad.;33&deg 3' 55'' S;330;2023;1;2;0.0
330007;Rodelillo, Ad.;33&deg 3' 55'' S;330;2023;1;3;0.0
330007;Rodelillo, Ad.;33&deg 3' 55'' S;330;2023;1;4;0.0
330007;Rodelillo, Ad.;33&deg 3' 55'' S;330;2023;1;5;0.0
330007;Rodelillo, Ad.;33&deg 3' 55'' S;330;2023;1;6;0.0
330007;Rodelillo, Ad.;33&deg 3' 55'' S;330;2023;1;7;0.0
330007;Rodelillo, Ad.;33&deg 3' 55'' S;330;2023;1;8;0.0
330007;Rodelillo, Ad.;33&deg 3' 55'' S;330;2023;1;9;0.0
330007;Rodelillo, Ad.;33&deg 3' 55'' S;330;2023;1;10;0.0
330007;Rodelillo, Ad.;33&deg 3' 55'' S;330;2023;1;11;0.0
330007;Rodelillo, Ad.;33&deg 3' 55'' S;330;2023;1;12;0.0
330007;Rodelillo, Ad.;33&deg 3' 55'' S;330;2023;1;13;0.0
330007;Rodelillo, Ad.;33&deg 3' 55'' S;330;2023;1;14;0.0
330007;Rodelillo, Ad.;33&deg 3' 55'' S;330;2023;1;15;0.0
330007;Rodelillo, Ad.;33&deg 3' 55'' S;330;2023;1;16;0.0
330007;Rodelillo, Ad.;33&deg 3' 55'' S;330;2023;1;17;0.0
330007;Rodelillo, Ad.;33&deg 3' 55'' S;330;2023;1;18;0.0
330007;Rodelillo, Ad.;33&deg 3' 55'' S;330;2023;1;19;0.0
330007;Rodelillo, Ad.;33&deg 3' 55'' S;330;2023;1;20;0.0
330007;Rodelillo, Ad.;33&deg 3' 55'' S;330;2023;1;21;0.0
330007;Rodelillo, Ad.;33&deg 3' 55'' S;330;2023;1;22;0.0
330007;Rodelillo, Ad.;33&deg 3' 55'' S;330;2023;1;23;0.0
330007;Rodelillo, Ad.;33&deg 3' 55'' S;330;2023;1;24;0.0
330007;Rodelillo, Ad.;33&deg 3' 55'' S;330;2023;1;25;0.0
330007;Rodelillo, Ad.;33&deg 3' 55'' S;330;2023;1;26;0.0
330007;Rodelillo, Ad.;33&deg 3' 55'' S;330;2023;1;27;0.0
330007;Rodelillo, Ad.;33&deg 3' 55'' S;330;2023;1;28;0.0
330007;Rodelillo, Ad.;33&deg 3' 55'' S;330;2023;1;29;0.0
330007;Rodelillo, Ad.;33&deg 3' 55'' S;330;2023;1;30;0.2
330007;Rodelillo, Ad.;33&deg 3' 55'' S;330;2023;1;31;0.1
330019;Eulogio Sánchez, Tobalaba Ad.;33&deg 27' 19'' S;650;2023;1;1;0.0
330019;Eulogio Sánchez, Tobalaba Ad.;33&deg 27' 19'' S;650;2023;1;2;0.0
330019;Eulogio Sánchez, Tobalaba Ad.;33&deg 27' 19'' S;650;2023;1;3;0.0
330019;Eulogio Sánchez, Tobalaba Ad.;33&deg 27' 19'' S;650;2023;1;4;0.0
330019;Eulogio Sánchez, Tobalaba Ad.;33&deg 27' 19'' S;650;2023;1;5;0.0
330019;Eulogio Sánchez, Tobalaba Ad.;33&deg 27' 19'' S;650;2023;1;6;0.0
330019;Eulogio Sánchez, Tobalaba Ad.;33&deg 27' 19'' S;650;2023;1;7;0.0
330019;Eulogio Sánchez, Tobalaba Ad.;33&deg 27' 19'' S;650;2023;1;8;0.0
330019;Eulogio Sánchez, Tobalaba Ad.;33&deg 27' 19'' S;650;2023;1;9;0.0
330019;Eulogio Sánchez, Tobalaba Ad.;33&deg 27' 19'' S;650;2023;1;10;0.0
330019;Eulogio Sánchez, Tobalaba Ad.;33&deg 27' 19'' S;650;2023;1;11;0.0
330019;Eulogio Sánchez, Tobalaba Ad.;33&deg 27' 19'' S;650;2023;1;12;0.0
330019;Eulogio Sánchez, Tobalaba Ad.;33&deg 27' 19'' S;650;2023;1;13;0.0
330019;Eulogio Sánchez, Tobalaba Ad.;33&deg 27' 19'' S;650;2023;1;14;0.0
330019;Eulogio Sánchez, Tobalaba Ad.;33&deg 27' 19'' S;650;2023;1;15;0.0
330019;Eulogio Sánchez, Tobalaba Ad.;33&deg 27' 19'' S;650;2023;1;16;0.0
330019;Eulogio Sánchez, Tobalaba Ad.;33&deg 27' 19'' S;650;2023;1;17;0.0
330019;Eulogio Sánchez, Tobalaba Ad.;33&deg 27' 19'' S;650;2023;1;18;0.0
330019;Eulogio Sánchez, Tobalaba Ad.;33&deg 27' 19'' S;650;2023;1;19;0.0
330019;Eulogio Sánchez, Tobalaba Ad.;33&deg 27' 19'' S;650;2023;1;20;0.0
330019;Eulogio Sánchez, Tobalaba Ad.;33&deg 27' 19'' S;650;2023;1;21;0.0
330019;Eulogio Sánchez, Tobalaba Ad.;33&deg 27' 19'' S;650;2023;1;22;0.0
330019;Eulogio Sánchez, Tobalaba Ad.;33&deg 27' 19'' S;650;2023;1;23;0.0
330019;Eulogio Sánchez, Tobalaba Ad.;33&deg 27' 19'' S;650;2023;1;24;0.0
330019;Eulogio Sánchez, Tobalaba Ad.;33&deg 27' 19'' S;650;2023;1;25;0.0
330019;Eulogio Sánchez, Tobalaba Ad.;33&deg 27' 19'' S;650;2023;1;26;0.0
330019;Eulogio Sánchez, Tobalaba Ad.;33&deg 27' 19'' S;650;2023;1;27;0.0
330019;Eulogio Sánchez, Tobalaba Ad.;33&deg 27' 19'' S;650;2023;1;28;0.0
330019;Eulogio Sánchez, Tobalaba Ad.;33&deg 27' 19'' S;650;2023;1;29;0.0
330019;Eulogio Sánchez, Tobalaba Ad.;33&deg 27' 19'' S;650;2023;1;30;0.0
330019;Eulogio Sánchez, Tobalaba Ad.;33&deg 27' 19'' S;650;2023;1;31;0.0
330020;Quinta Normal, Santiago;33&deg 26' 42'' S;520;2023;1;1;0.0
330020;Quinta Normal, Santiago;33&deg 26' 42'' S;520;2023;1;2;0.0
330020;Quinta Normal, Santiago;33&deg 26' 42'' S;520;2023;1;3;0.0
330020;Quinta Normal, Santiago;33&deg 26' 42'' S;520;2023;1;4;0.0
330020;Quinta Normal, Santiago;33&deg 26' 42'' S;520;2023;1;5;0.0
330020;Quinta Normal, Santiago;33&deg 26' 42'' S;520;2023;1;6;0.0
330020;Quinta Normal, Santiago;33&deg 26' 42'' S;520;2023;1;7;0.0
330020;Quinta Normal, Santiago;33&deg 26' 42'' S;520;2023;1;8;0.0
330020;Quinta Normal, Santiago;33&deg 26' 42'' S;520;2023;1;9;0.0
330020;Quinta Normal, Santiago;33&deg 26' 42'' S;520;2023;1;10;0.0
330020;Quinta Normal, Santiago;33&deg 26' 42'' S;520;2023;1;11;0.0
330020;Quinta Normal, Santiago;33&deg 26' 42'' S;520;2023;1;12;0.0
330020;Quinta Normal, Santiago;33&deg 26' 42'' S;520;2023;1;13;0.0
330020;Quinta Normal, Santiago;33&deg 26' 42'' S;520;2023;1;14;0.0
330020;Quinta Normal, Santiago;33&deg 26' 42'' S;520;2023;1;15;0.0
330020;Quinta Normal, Santiago;33&deg 26' 42'' S;520;2023;1;16;0.0
330020;Quinta Normal, Santiago;33&deg 26' 42'' S;520;2023;1;17;0.0
330020;Quinta Normal, Santiago;33&deg 26' 42'' S;520;2023;1;18;0.0
330020;Quinta Normal, Santiago;33&deg 26' 42'' S;520;2023;1;19;0.0
330020;Quinta Normal, Santiago;33&deg 26' 42'' S;520;2023;1;20;0.0
330020;Quinta Normal, Santiago;33&deg 26' 42'' S;520;2023;1;21;0.0
330020;Quinta Normal, Santiago;33&deg 26' 42'' S;520;2023;1;22;0.0
330020;Quinta Normal, Santiago;33&deg 26' 42'' S;520;2023;1;23;0.0
330020;Quinta Normal, Santiago;33&deg 26' 42'' S;520;2023;1;24;0.0
330020;Quinta Normal, Santiago;33&deg 26' 42'' S;520;2023;1;25;0.0
330020;Quinta Normal, Santiago;33&deg 26' 42'' S;520;2023;1;26;0.0
330020;Quinta Normal, Santiago;33&deg 26' 42'' S;520;2023;1;27;0.0
330020;Quinta Normal, Santiago;33&deg 26' 42'' S;520;2023;1;28;0.0
330020;Quinta Normal, Santiago;33&deg 26' 42'' S;520;2023;1;29;0.0
330020;Quinta Normal, Santiago;33&deg 26' 42'' S;520;2023;1;30;0.0
330020;Quinta Normal, Santiago;33&deg 26' 42'' S;520;2023;1;31;0.0
330021;Pudahuel Santiago ;33&deg 22' 42'' S;482;2023;1;1;0.0
330021;Pudahuel Santiago ;33&deg 22' 42'' S;482;2023;1;2;0.0
330021;Pudahuel Santiago ;33&deg 22' 42'' S;482;2023;1;3;0.0
330021;Pudahuel Santiago ;33&deg 22' 42'' S;482;2023;1;4;0.0
330021;Pudahuel Santiago ;33&deg 22' 42'' S;482;2023;1;5;0.0
330021;Pudahuel Santiago ;33&deg 22' 42'' S;482;2023;1;6;0.0
330021;Pudahuel Santiago ;33&deg 22' 42'' S;482;2023;1;7;0.0
330021;Pudahuel Santiago ;33&deg 22' 42'' S;482;2023;1;8;0.0
330021;Pudahuel Santiago ;33&deg 22' 42'' S;482;2023;1;9;0.0
330021;Pudahuel Santiago ;33&deg 22' 42'' S;482;2023;1;10;0.0
330021;Pudahuel Santiago ;33&deg 22' 42'' S;482;2023;1;11;0.0
330021;Pudahuel Santiago ;33&deg 22' 42'' S;482;2023;1;12;0.0
330021;Pudahuel Santiago ;33&deg 22' 42'' S;482;2023;1;13;0.0
330021;Pudahuel Santiago ;33&deg 22' 42'' S;482;2023;1;14;0.0
330021;Pudahuel Santiago ;33&deg 22' 42'' S;482;2023;1;15;0.0
330021;Pudahuel Santiago ;33&deg 22' 42'' S;482;2023;1;16;0.0
330021;Pudahuel Santiago ;33&deg 22' 42'' S;482;2023;1;17;0.0
330021;Pudahuel Santiago ;33&deg 22' 42'' S;482;2023;1;18;0.0
330021;Pudahuel Santiago ;33&deg 22' 42'' S;482;2023;1;19;0.0
330021;Pudahuel Santiago ;33&deg 22' 42'' S;482;2023;1;20;0.0
330021;Pudahuel Santiago ;33&deg 22' 42'' S;482;2023;1;21;0.0
330021;Pudahuel Santiago ;33&deg 22' 42'' S;482;2023;1;22;0.0
330021;Pudahuel Santiago ;33&deg 22' 42'' S;482;2023;1;23;0.0
330021;Pudahuel Santiago ;33&deg 22' 42'' S;482;2023;1;24;0.0
330021;Pudahuel Santiago ;33&deg 22' 42'' S;482;2023;1;25;0.0
330021;Pudahuel Santiago ;33&deg 22' 42'' S;482;2023;1;26;0.0
330021;Pudahuel Santiago ;33&deg 22' 42'' S;482;2023;1;27;0.0
330021;Pudahuel Santiago ;33&deg 22' 42'' S;482;2023;1;28;0.0
330021;Pudahuel Santiago ;33&deg 22' 42'' S;482;2023;1;29;0.0
330021;Pudahuel Santiago ;33&deg 22' 42'' S;482;2023;1;30;0.0
330021;Pudahuel Santiago ;33&deg 22' 42'' S;482;2023;1;31;0.0
330030;Santo Domingo, Ad.;33&deg 39' 22'' S;77;2023;1;1;0.0
330030;Santo Domingo, Ad.;33&deg 39' 22'' S;77;2023;1;2;0.0
330030;Santo Domingo, Ad.;33&deg 39' 22'' S;77;2023;1;3;0.0
330030;Santo Domingo, Ad.;33&deg 39' 22'' S;77;2023;1;4;0.0
330030;Santo Domingo, Ad.;33&deg 39' 22'' S;77;2023;1;5;0.0
330030;Santo Domingo, Ad.;33&deg 39' 22'' S;77;2023;1;6;0.0
330030;Santo Domingo, Ad.;33&deg 39' 22'' S;77;2023;1;7;0.0
330030;Santo Domingo, Ad.;33&deg 39' 22'' S;77;2023;1;8;0.0
330030;Santo Domingo, Ad.;33&deg 39' 22'' S;77;2023;1;9;0.0
330030;Santo Domingo, Ad.;33&deg 39' 22'' S;77;2023;1;10;0.0
330030;Santo Domingo, Ad.;33&deg 39' 22'' S;77;2023;1;11;0.0
330030;Santo Domingo, Ad.;33&deg 39' 22'' S;77;2023;1;12;0.0
330030;Santo Domingo, Ad.;33&deg 39' 22'' S;77;2023;1;13;0.0
330030;Santo Domingo, Ad.;33&deg 39' 22'' S;77;2023;1;14;0.0
330030;Santo Domingo, Ad.;33&deg 39' 22'' S;77;2023;1;15;0.0
330030;Santo Domingo, Ad.;33&deg 39' 22'' S;77;2023;1;16;0.0
330030;Santo Domingo, Ad.;33&deg 39' 22'' S;77;2023;1;17;0.0
330030;Santo Domingo, Ad.;33&deg 39' 22'' S;77;2023;1;18;0.0
330030;Santo Domingo, Ad.;33&deg 39' 22'' S;77;2023;1;19;0.0
330030;Santo Domingo, Ad.;33&deg 39' 22'' S;77;2023;1;20;0.0
330030;Santo Domingo, Ad.;33&deg 39' 22'' S;77;2023;1;21;0.0
330030;Santo Domingo, Ad.;33&deg 39' 22'' S;77;2023;1;22;0.0
330030;Santo Domingo, Ad.;33&deg 39' 22'' S;77;2023;1;23;0.0
330030;Santo Domingo, Ad.;33&deg 39' 22'' S;77;2023;1;24;0.0
330030;Santo Domingo, Ad.;33&deg 39' 22'' S;77;2023;1;25;0.0
330030;Santo Domingo, Ad.;33&deg 39' 22'' S;77;2023;1;26;0.0
330030;Santo Domingo, Ad.;33&deg 39' 22'' S;77;2023;1;27;0.0
330030;Santo Domingo, Ad.;33&deg 39' 22'' S;77;2023;1;28;0.0
330030;Santo Domingo, Ad.;33&deg 39' 22'' S;77;2023;1;29;1.0
330030;Santo Domingo, Ad.;33&deg 39' 22'' S;77;2023;1;30;0.0
330030;Santo Domingo, Ad.;33&deg 39' 22'' S;77;2023;1;31;0.0
330031;Juan Fernández, Estación Meteorológica.;33&deg 38' 9'' S;40;2023;1;1;0.1
330031;Juan Fernández, Estación Meteorológica.;33&deg 38' 9'' S;40;2023;1;2;0.7
330031;Juan Fernández, Estación Meteorológica.;33&deg 38' 9'' S;40;2023;1;3;0.8
330031;Juan Fernández, Estación Meteorológica.;33&deg 38' 9'' S;40;2023;1;4;0.0
330031;Juan Fernández, Estación Meteorológica.;33&deg 38' 9'' S;40;2023;1;5;0.0
330031;Juan Fernández, Estación Meteorológica.;33&deg 38' 9'' S;40;2023;1;6;0.0
330031;Juan Fernández, Estación Meteorológica.;33&deg 38' 9'' S;40;2023;1;7;0.0
330031;Juan Fernández, Estación Meteorológica.;33&deg 38' 9'' S;40;2023;1;8;0.0
330031;Juan Fernández, Estación Meteorológica.;33&deg 38' 9'' S;40;2023;1;9;1.2
330031;Juan Fernández, Estación Meteorológica.;33&deg 38' 9'' S;40;2023;1;10;2.8
330031;Juan Fernández, Estación Meteorológica.;33&deg 38' 9'' S;40;2023;1;11;0.0
330031;Juan Fernández, Estación Meteorológica.;33&deg 38' 9'' S;40;2023;1;12;0.0
330031;Juan Fernández, Estación Meteorológica.;33&deg 38' 9'' S;40;2023;1;13;0.0
330031;Juan Fernández, Estación Meteorológica.;33&deg 38' 9'' S;40;2023;1;14;1.0
330031;Juan Fernández, Estación Meteorológica.;33&deg 38' 9'' S;40;2023;1;15;0.0
330031;Juan Fernández, Estación Meteorológica.;33&deg 38' 9'' S;40;2023;1;16;0.6
330031;Juan Fernández, Estación Meteorológica.;33&deg 38' 9'' S;40;2023;1;17;0.3
330031;Juan Fernández, Estación Meteorológica.;33&deg 38' 9'' S;40;2023;1;18;0.0
330031;Juan Fernández, Estación Meteorológica.;33&deg 38' 9'' S;40;2023;1;19;0.4
330031;Juan Fernández, Estación Meteorológica.;33&deg 38' 9'' S;40;2023;1;20;0.2
330031;Juan Fernández, Estación Meteorológica.;33&deg 38' 9'' S;40;2023;1;21;0.0
330031;Juan Fernández, Estación Meteorológica.;33&deg 38' 9'' S;40;2023;1;22;0.0
330031;Juan Fernández, Estación Meteorológica.;33&deg 38' 9'' S;40;2023;1;23;5.6
330031;Juan Fernández, Estación Meteorológica.;33&deg 38' 9'' S;40;2023;1;24;0.5
330031;Juan Fernández, Estación Meteorológica.;33&deg 38' 9'' S;40;2023;1;25;1.0
330031;Juan Fernández, Estación Meteorológica.;33&deg 38' 9'' S;40;2023;1;26;0.3
330031;Juan Fernández, Estación Meteorológica.;33&deg 38' 9'' S;40;2023;1;27;0.0
330031;Juan Fernández, Estación Meteorológica.;33&deg 38' 9'' S;40;2023;1;28;0.0
330031;Juan Fernández, Estación Meteorológica.;33&deg 38' 9'' S;40;2023;1;29;0.0
330031;Juan Fernández, Estación Meteorológica.;33&deg 38' 9'' S;40;2023;1;30;0.4
330031;Juan Fernández, Estación Meteorológica.;33&deg 38' 9'' S;40;2023;1;31;0.1
340031;General Freire, Curicó Ad.;34&deg 58' 10'' S;229;2023;1;1;0.0
340031;General Freire, Curicó Ad.;34&deg 58' 10'' S;229;2023;1;2;0.0
340031;General Freire, Curicó Ad.;34&deg 58' 10'' S;229;2023;1;3;0.0
340031;General Freire, Curicó Ad.;34&deg 58' 10'' S;229;2023;1;4;0.0
340031;General Freire, Curicó Ad.;34&deg 58' 10'' S;229;2023;1;5;0.0
340031;General Freire, Curicó Ad.;34&deg 58' 10'' S;229;2023;1;6;0.0
340031;General Freire, Curicó Ad.;34&deg 58' 10'' S;229;2023;1;7;0.0
340031;General Freire, Curicó Ad.;34&deg 58' 10'' S;229;2023;1;8;0.0
340031;General Freire, Curicó Ad.;34&deg 58' 10'' S;229;2023;1;9;0.0
340031;General Freire, Curicó Ad.;34&deg 58' 10'' S;229;2023;1;10;0.0
340031;General Freire, Curicó Ad.;34&deg 58' 10'' S;229;2023;1;11;0.0
340031;General Freire, Curicó Ad.;34&deg 58' 10'' S;229;2023;1;12;0.0
340031;General Freire, Curicó Ad.;34&deg 58' 10'' S;229;2023;1;13;0.0
340031;General Freire, Curicó Ad.;34&deg 58' 10'' S;229;2023;1;14;0.0
340031;General Freire, Curicó Ad.;34&deg 58' 10'' S;229;2023;1;15;0.0
340031;General Freire, Curicó Ad.;34&deg 58' 10'' S;229;2023;1;16;0.0
340031;General Freire, Curicó Ad.;34&deg 58' 10'' S;229;2023;1;17;0.0
340031;General Freire, Curicó Ad.;34&deg 58' 10'' S;229;2023;1;18;0.0
340031;General Freire, Curicó Ad.;34&deg 58' 10'' S;229;2023;1;19;0.0
340031;General Freire, Curicó Ad.;34&deg 58' 10'' S;229;2023;1;20;0.0
340031;General Freire, Curicó Ad.;34&deg 58' 10'' S;229;2023;1;21;0.0
340031;General Freire, Curicó Ad.;34&deg 58' 10'' S;229;2023;1;22;0.0
340031;General Freire, Curicó Ad.;34&deg 58' 10'' S;229;2023;1;23;0.0
340031;General Freire, Curicó Ad.;34&deg 58' 10'' S;229;2023;1;24;0.0
340031;General Freire, Curicó Ad.;34&deg 58' 10'' S;229;2023;1;25;0.0
340031;General Freire, Curicó Ad.;34&deg 58' 10'' S;229;2023;1;26;0.0
340031;General Freire, Curicó Ad.;34&deg 58' 10'' S;229;2023;1;27;0.0
340031;General Freire, Curicó Ad.;34&deg 58' 10'' S;229;2023;1;28;0.0
340031;General Freire, Curicó Ad.;34&deg 58' 10'' S;229;2023;1;29;0.0
340031;General Freire, Curicó Ad.;34&deg 58' 10'' S;229;2023;1;30;0.0
340031;General Freire, Curicó Ad.;34&deg 58' 10'' S;229;2023;1;31;0.0
360011;General Bernardo O'Higgins, Chillán Ad.;36&deg 35' 9'' S;155;2023;1;1;0.0
360011;General Bernardo O'Higgins, Chillán Ad.;36&deg 35' 9'' S;155;2023;1;2;0.0
360011;General Bernardo O'Higgins, Chillán Ad.;36&deg 35' 9'' S;155;2023;1;3;0.0
360011;General Bernardo O'Higgins, Chillán Ad.;36&deg 35' 9'' S;155;2023;1;4;0.0
360011;General Bernardo O'Higgins, Chillán Ad.;36&deg 35' 9'' S;155;2023;1;5;0.0
360011;General Bernardo O'Higgins, Chillán Ad.;36&deg 35' 9'' S;155;2023;1;6;0.0
360011;General Bernardo O'Higgins, Chillán Ad.;36&deg 35' 9'' S;155;2023;1;7;0.0
360011;General Bernardo O'Higgins, Chillán Ad.;36&deg 35' 9'' S;155;2023;1;8;0.0
360011;General Bernardo O'Higgins, Chillán Ad.;36&deg 35' 9'' S;155;2023;1;9;0.0
360011;General Bernardo O'Higgins, Chillán Ad.;36&deg 35' 9'' S;155;2023;1;10;0.0
360011;General Bernardo O'Higgins, Chillán Ad.;36&deg 35' 9'' S;155;2023;1;11;0.0
360011;General Bernardo O'Higgins, Chillán Ad.;36&deg 35' 9'' S;155;2023;1;12;0.0
360011;General Bernardo O'Higgins, Chillán Ad.;36&deg 35' 9'' S;155;2023;1;13;0.0
360011;General Bernardo O'Higgins, Chillán Ad.;36&deg 35' 9'' S;155;2023;1;14;0.0
360011;General Bernardo O'Higgins, Chillán Ad.;36&deg 35' 9'' S;155;2023;1;15;0.0
360011;General Bernardo O'Higgins, Chillán Ad.;36&deg 35' 9'' S;155;2023;1;16;0.0
360011;General Bernardo O'Higgins, Chillán Ad.;36&deg 35' 9'' S;155;2023;1;17;0.0
360011;General Bernardo O'Higgins, Chillán Ad.;36&deg 35' 9'' S;155;2023;1;18;0.0
360011;General Bernardo O'Higgins, Chillán Ad.;36&deg 35' 9'' S;155;2023;1;19;0.0
360011;General Bernardo O'Higgins, Chillán Ad.;36&deg 35' 9'' S;155;2023;1;20;0.0
360011;General Bernardo O'Higgins, Chillán Ad.;36&deg 35' 9'' S;155;2023;1;21;0.0
360011;General Bernardo O'Higgins, Chillán Ad.;36&deg 35' 9'' S;155;2023;1;22;0.0
360011;General Bernardo O'Higgins, Chillán Ad.;36&deg 35' 9'' S;155;2023;1;23;7.4
360011;General Bernardo O'Higgins, Chillán Ad.;36&deg 35' 9'' S;155;2023;1;24;0.8
360011;General Bernardo O'Higgins, Chillán Ad.;36&deg 35' 9'' S;155;2023;1;25;0.0
360011;General Bernardo O'Higgins, Chillán Ad.;36&deg 35' 9'' S;155;2023;1;26;0.0
360011;General Bernardo O'Higgins, Chillán Ad.;36&deg 35' 9'' S;155;2023;1;27;0.0
360011;General Bernardo O'Higgins, Chillán Ad.;36&deg 35' 9'' S;155;2023;1;28;0.0
360011;General Bernardo O'Higgins, Chillán Ad.;36&deg 35' 9'' S;155;2023;1;29;0.0
360011;General Bernardo O'Higgins, Chillán Ad.;36&deg 35' 9'' S;155;2023;1;30;0.0
360011;General Bernardo O'Higgins, Chillán Ad.;36&deg 35' 9'' S;155;2023;1;31;0.0
360019;Carriel Sur, Concepción Ap.;36&deg 46' 50'' S;13;2023;1;1;0.0
360019;Carriel Sur, Concepción Ap.;36&deg 46' 50'' S;13;2023;1;2;0.0
360019;Carriel Sur, Concepción Ap.;36&deg 46' 50'' S;13;2023;1;3;0.0
360019;Carriel Sur, Concepción Ap.;36&deg 46' 50'' S;13;2023;1;4;0.0
360019;Carriel Sur, Concepción Ap.;36&deg 46' 50'' S;13;2023;1;5;0.0
360019;Carriel Sur, Concepción Ap.;36&deg 46' 50'' S;13;2023;1;6;0.0
360019;Carriel Sur, Concepción Ap.;36&deg 46' 50'' S;13;2023;1;7;0.0
360019;Carriel Sur, Concepción Ap.;36&deg 46' 50'' S;13;2023;1;8;0.0
360019;Carriel Sur, Concepción Ap.;36&deg 46' 50'' S;13;2023;1;9;0.0
360019;Carriel Sur, Concepción Ap.;36&deg 46' 50'' S;13;2023;1;10;0.0
360019;Carriel Sur, Concepción Ap.;36&deg 46' 50'' S;13;2023;1;11;0.0
360019;Carriel Sur, Concepción Ap.;36&deg 46' 50'' S;13;2023;1;12;0.0
360019;Carriel Sur, Concepción Ap.;36&deg 46' 50'' S;13;2023;1;13;0.0
360019;Carriel Sur, Concepción Ap.;36&deg 46' 50'' S;13;2023;1;14;0.0
360019;Carriel Sur, Concepción Ap.;36&deg 46' 50'' S;13;2023;1;15;0.0
360019;Carriel Sur, Concepción Ap.;36&deg 46' 50'' S;13;2023;1;16;0.0
360019;Carriel Sur, Concepción Ap.;36&deg 46' 50'' S;13;2023;1;17;0.0
360019;Carriel Sur, Concepción Ap.;36&deg 46' 50'' S;13;2023;1;18;0.0
360019;Carriel Sur, Concepción Ap.;36&deg 46' 50'' S;13;2023;1;19;0.0
360019;Carriel Sur, Concepción Ap.;36&deg 46' 50'' S;13;2023;1;20;0.0
360019;Carriel Sur, Concepción Ap.;36&deg 46' 50'' S;13;2023;1;21;0.0
360019;Carriel Sur, Concepción Ap.;36&deg 46' 50'' S;13;2023;1;22;0.0
360019;Carriel Sur, Concepción Ap.;36&deg 46' 50'' S;13;2023;1;23;3.2
360019;Carriel Sur, Concepción Ap.;36&deg 46' 50'' S;13;2023;1;24;0.0
360019;Carriel Sur, Concepción Ap.;36&deg 46' 50'' S;13;2023;1;25;0.0
360019;Carriel Sur, Concepción Ap.;36&deg 46' 50'' S;13;2023;1;26;0.0
360019;Carriel Sur, Concepción Ap.;36&deg 46' 50'' S;13;2023;1;27;0.0
360019;Carriel Sur, Concepción Ap.;36&deg 46' 50'' S;13;2023;1;28;0.0
360019;Carriel Sur, Concepción Ap.;36&deg 46' 50'' S;13;2023;1;29;0.0
360019;Carriel Sur, Concepción Ap.;36&deg 46' 50'' S;13;2023;1;30;0.0
360019;Carriel Sur, Concepción Ap.;36&deg 46' 50'' S;13;2023;1;31;0.0
370033;María Dolores, Los Angeles Ad.;37&deg 23' 49'' S;118;2023;1;1;0.0
370033;María Dolores, Los Angeles Ad.;37&deg 23' 49'' S;118;2023;1;2;0.0
370033;María Dolores, Los Angeles Ad.;37&deg 23' 49'' S;118;2023;1;3;0.0
370033;María Dolores, Los Angeles Ad.;37&deg 23' 49'' S;118;2023;1;4;0.0
370033;María Dolores, Los Angeles Ad.;37&deg 23' 49'' S;118;2023;1;5;0.0
370033;María Dolores, Los Angeles Ad.;37&deg 23' 49'' S;118;2023;1;6;0.0
370033;María Dolores, Los Angeles Ad.;37&deg 23' 49'' S;118;2023;1;7;0.0
370033;María Dolores, Los Angeles Ad.;37&deg 23' 49'' S;118;2023;1;8;0.0
370033;María Dolores, Los Angeles Ad.;37&deg 23' 49'' S;118;2023;1;9;0.0
370033;María Dolores, Los Angeles Ad.;37&deg 23' 49'' S;118;2023;1;10;0.0
370033;María Dolores, Los Angeles Ad.;37&deg 23' 49'' S;118;2023;1;11;0.0
370033;María Dolores, Los Angeles Ad.;37&deg 23' 49'' S;118;2023;1;12;0.0
370033;María Dolores, Los Angeles Ad.;37&deg 23' 49'' S;118;2023;1;13;0.0
370033;María Dolores, Los Angeles Ad.;37&deg 23' 49'' S;118;2023;1;14;0.0
370033;María Dolores, Los Angeles Ad.;37&deg 23' 49'' S;118;2023;1;15;0.0
370033;María Dolores, Los Angeles Ad.;37&deg 23' 49'' S;118;2023;1;16;0.0
370033;María Dolores, Los Angeles Ad.;37&deg 23' 49'' S;118;2023;1;17;0.0
370033;María Dolores, Los Angeles Ad.;37&deg 23' 49'' S;118;2023;1;18;0.0
370033;María Dolores, Los Angeles Ad.;37&deg 23' 49'' S;118;2023;1;19;0.0
370033;María Dolores, Los Angeles Ad.;37&deg 23' 49'' S;118;2023;1;20;0.0
370033;María Dolores, Los Angeles Ad.;37&deg 23' 49'' S;118;2023;1;21;0.0
370033;María Dolores, Los Angeles Ad.;37&deg 23' 49'' S;118;2023;1;22;0.0
370033;María Dolores, Los Angeles Ad.;37&deg 23' 49'' S;118;2023;1;23;1.4
370033;María Dolores, Los Angeles Ad.;37&deg 23' 49'' S;118;2023;1;24;0.0
370033;María Dolores, Los Angeles Ad.;37&deg 23' 49'' S;118;2023;1;25;0.0
370033;María Dolores, Los Angeles Ad.;37&deg 23' 49'' S;118;2023;1;26;0.0
370033;María Dolores, Los Angeles Ad.;37&deg 23' 49'' S;118;2023;1;27;0.0
370033;María Dolores, Los Angeles Ad.;37&deg 23' 49'' S;118;2023;1;28;0.0
370033;María Dolores, Los Angeles Ad.;37&deg 23' 49'' S;118;2023;1;29;0.0
370033;María Dolores, Los Angeles Ad.;37&deg 23' 49'' S;118;2023;1;30;0.0
370033;María Dolores, Los Angeles Ad.;37&deg 23' 49'' S;118;2023;1;31;0.0
380013;Maquehue, Temuco Ad.;38&deg 46' 4'' S;86;2023;1;1;0.0
380013;Maquehue, Temuco Ad.;38&deg 46' 4'' S;86;2023;1;2;0.0
380013;Maquehue, Temuco Ad.;38&deg 46' 4'' S;86;2023;1;3;0.0
380013;Maquehue, Temuco Ad.;38&deg 46' 4'' S;86;2023;1;4;0.0
380013;Maquehue, Temuco Ad.;38&deg 46' 4'' S;86;2023;1;5;0.0
380013;Maquehue, Temuco Ad.;38&deg 46' 4'' S;86;2023;1;6;0.0
380013;Maquehue, Temuco Ad.;38&deg 46' 4'' S;86;2023;1;7;0.0
380013;Maquehue, Temuco Ad.;38&deg 46' 4'' S;86;2023;1;8;0.0
380013;Maquehue, Temuco Ad.;38&deg 46' 4'' S;86;2023;1;9;0.0
380013;Maquehue, Temuco Ad.;38&deg 46' 4'' S;86;2023;1;10;0.0
380013;Maquehue, Temuco Ad.;38&deg 46' 4'' S;86;2023;1;11;0.0
380013;Maquehue, Temuco Ad.;38&deg 46' 4'' S;86;2023;1;12;0.0
380013;Maquehue, Temuco Ad.;38&deg 46' 4'' S;86;2023;1;13;0.0
380013;Maquehue, Temuco Ad.;38&deg 46' 4'' S;86;2023;1;14;0.0
380013;Maquehue, Temuco Ad.;38&deg 46' 4'' S;86;2023;1;15;0.0
380013;Maquehue, Temuco Ad.;38&deg 46' 4'' S;86;2023;1;16;0.0
380013;Maquehue, Temuco Ad.;38&deg 46' 4'' S;86;2023;1;17;0.0
380013;Maquehue, Temuco Ad.;38&deg 46' 4'' S;86;2023;1;18;0.0
380013;Maquehue, Temuco Ad.;38&deg 46' 4'' S;86;2023;1;19;0.0
380013;Maquehue, Temuco Ad.;38&deg 46' 4'' S;86;2023;1;20;0.0
380013;Maquehue, Temuco Ad.;38&deg 46' 4'' S;86;2023;1;21;0.0
380013;Maquehue, Temuco Ad.;38&deg 46' 4'' S;86;2023;1;22;0.0
380013;Maquehue, Temuco Ad.;38&deg 46' 4'' S;86;2023;1;23;8.4
380013;Maquehue, Temuco Ad.;38&deg 46' 4'' S;86;2023;1;24;0.0
380013;Maquehue, Temuco Ad.;38&deg 46' 4'' S;86;2023;1;25;0.0
380013;Maquehue, Temuco Ad.;38&deg 46' 4'' S;86;2023;1;26;0.0
380013;Maquehue, Temuco Ad.;38&deg 46' 4'' S;86;2023;1;27;0.0
380013;Maquehue, Temuco Ad.;38&deg 46' 4'' S;86;2023;1;28;0.0
380013;Maquehue, Temuco Ad.;38&deg 46' 4'' S;86;2023;1;29;0.0
380013;Maquehue, Temuco Ad.;38&deg 46' 4'' S;86;2023;1;30;0.0
380013;Maquehue, Temuco Ad.;38&deg 46' 4'' S;86;2023;1;31;0.0
390006;Pichoy, Valdivia Ad.;39&deg 39' 24'' S;18;2023;1;1;1.4
390006;Pichoy, Valdivia Ad.;39&deg 39' 24'' S;18;2023;1;2;0.0
390006;Pichoy, Valdivia Ad.;39&deg 39' 24'' S;18;2023;1;3;0.0
390006;Pichoy, Valdivia Ad.;39&deg 39' 24'' S;18;2023;1;4;0.0
390006;Pichoy, Valdivia Ad.;39&deg 39' 24'' S;18;2023;1;5;0.0
390006;Pichoy, Valdivia Ad.;39&deg 39' 24'' S;18;2023;1;6;0.0
390006;Pichoy, Valdivia Ad.;39&deg 39' 24'' S;18;2023;1;7;0.0
390006;Pichoy, Valdivia Ad.;39&deg 39' 24'' S;18;2023;1;8;0.0
390006;Pichoy, Valdivia Ad.;39&deg 39' 24'' S;18;2023;1;9;0.6
390006;Pichoy, Valdivia Ad.;39&deg 39' 24'' S;18;2023;1;10;0.0
390006;Pichoy, Valdivia Ad.;39&deg 39' 24'' S;18;2023;1;11;0.0
390006;Pichoy, Valdivia Ad.;39&deg 39' 24'' S;18;2023;1;12;0.0
390006;Pichoy, Valdivia Ad.;39&deg 39' 24'' S;18;2023;1;13;0.0
390006;Pichoy, Valdivia Ad.;39&deg 39' 24'' S;18;2023;1;14;0.0
390006;Pichoy, Valdivia Ad.;39&deg 39' 24'' S;18;2023;1;15;0.0
390006;Pichoy, Valdivia Ad.;39&deg 39' 24'' S;18;2023;1;16;0.0
390006;Pichoy, Valdivia Ad.;39&deg 39' 24'' S;18;2023;1;17;0.0
390006;Pichoy, Valdivia Ad.;39&deg 39' 24'' S;18;2023;1;18;0.0
390006;Pichoy, Valdivia Ad.;39&deg 39' 24'' S;18;2023;1;19;0.0
390006;Pichoy, Valdivia Ad.;39&deg 39' 24'' S;18;2023;1;20;0.0
390006;Pichoy, Valdivia Ad.;39&deg 39' 24'' S;18;2023;1;21;0.0
390006;Pichoy, Valdivia Ad.;39&deg 39' 24'' S;18;2023;1;22;0.2
390006;Pichoy, Valdivia Ad.;39&deg 39' 24'' S;18;2023;1;23;9.6
390006;Pichoy, Valdivia Ad.;39&deg 39' 24'' S;18;2023;1;24;0.0
390006;Pichoy, Valdivia Ad.;39&deg 39' 24'' S;18;2023;1;25;0.0
390006;Pichoy, Valdivia Ad.;39&deg 39' 24'' S;18;2023;1;26;0.0
390006;Pichoy, Valdivia Ad.;39&deg 39' 24'' S;18;2023;1;27;0.0
390006;Pichoy, Valdivia Ad.;39&deg 39' 24'' S;18;2023;1;28;0.0
390006;Pichoy, Valdivia Ad.;39&deg 39' 24'' S;18;2023;1;29;0.0
390006;Pichoy, Valdivia Ad.;39&deg 39' 24'' S;18;2023;1;30;0.0
390006;Pichoy, Valdivia Ad.;39&deg 39' 24'' S;18;2023;1;31;0.0
400009;Cañal Bajo,  Osorno Ad.;40&deg 36' 52'' S;61;2023;1;1;0.0
400009;Cañal Bajo,  Osorno Ad.;40&deg 36' 52'' S;61;2023;1;2;0.4
400009;Cañal Bajo,  Osorno Ad.;40&deg 36' 52'' S;61;2023;1;3;0.0
400009;Cañal Bajo,  Osorno Ad.;40&deg 36' 52'' S;61;2023;1;4;0.0
400009;Cañal Bajo,  Osorno Ad.;40&deg 36' 52'' S;61;2023;1;5;0.0
400009;Cañal Bajo,  Osorno Ad.;40&deg 36' 52'' S;61;2023;1;6;0.0
400009;Cañal Bajo,  Osorno Ad.;40&deg 36' 52'' S;61;2023;1;7;0.0
400009;Cañal Bajo,  Osorno Ad.;40&deg 36' 52'' S;61;2023;1;8;0.0
400009;Cañal Bajo,  Osorno Ad.;40&deg 36' 52'' S;61;2023;1;9;11.6
400009;Cañal Bajo,  Osorno Ad.;40&deg 36' 52'' S;61;2023;1;10;1.8
400009;Cañal Bajo,  Osorno Ad.;40&deg 36' 52'' S;61;2023;1;11;0.0
400009;Cañal Bajo,  Osorno Ad.;40&deg 36' 52'' S;61;2023;1;12;0.0
400009;Cañal Bajo,  Osorno Ad.;40&deg 36' 52'' S;61;2023;1;13;0.0
400009;Cañal Bajo,  Osorno Ad.;40&deg 36' 52'' S;61;2023;1;14;0.0
400009;Cañal Bajo,  Osorno Ad.;40&deg 36' 52'' S;61;2023;1;15;0.0
400009;Cañal Bajo,  Osorno Ad.;40&deg 36' 52'' S;61;2023;1;16;0.0
400009;Cañal Bajo,  Osorno Ad.;40&deg 36' 52'' S;61;2023;1;17;0.0
400009;Cañal Bajo,  Osorno Ad.;40&deg 36' 52'' S;61;2023;1;18;0.0
400009;Cañal Bajo,  Osorno Ad.;40&deg 36' 52'' S;61;2023;1;19;0.0
400009;Cañal Bajo,  Osorno Ad.;40&deg 36' 52'' S;61;2023;1;20;0.0
400009;Cañal Bajo,  Osorno Ad.;40&deg 36' 52'' S;61;2023;1;21;1.6
400009;Cañal Bajo,  Osorno Ad.;40&deg 36' 52'' S;61;2023;1;22;0.0
400009;Cañal Bajo,  Osorno Ad.;40&deg 36' 52'' S;61;2023;1;23;11.2
400009;Cañal Bajo,  Osorno Ad.;40&deg 36' 52'' S;61;2023;1;24;0.0
400009;Cañal Bajo,  Osorno Ad.;40&deg 36' 52'' S;61;2023;1;25;0.1
400009;Cañal Bajo,  Osorno Ad.;40&deg 36' 52'' S;61;2023;1;26;0.0
400009;Cañal Bajo,  Osorno Ad.;40&deg 36' 52'' S;61;2023;1;27;0.0
400009;Cañal Bajo,  Osorno Ad.;40&deg 36' 52'' S;61;2023;1;28;0.0
400009;Cañal Bajo,  Osorno Ad.;40&deg 36' 52'' S;61;2023;1;29;0.0
400009;Cañal Bajo,  Osorno Ad.;40&deg 36' 52'' S;61;2023;1;30;0.0
400009;Cañal Bajo,  Osorno Ad.;40&deg 36' 52'' S;61;2023;1;31;0.0
410005;El Tepual  Puerto Montt Ap.;41&deg 26' 51'' S;87;2023;1;1;0.0
410005;El Tepual  Puerto Montt Ap.;41&deg 26' 51'' S;87;2023;1;2;0.8
410005;El Tepual  Puerto Montt Ap.;41&deg 26' 51'' S;87;2023;1;3;0.0
410005;El Tepual  Puerto Montt Ap.;41&deg 26' 51'' S;87;2023;1;4;0.0
410005;El Tepual  Puerto Montt Ap.;41&deg 26' 51'' S;87;2023;1;5;0.0
410005;El Tepual  Puerto Montt Ap.;41&deg 26' 51'' S;87;2023;1;6;0.0
410005;El Tepual  Puerto Montt Ap.;41&deg 26' 51'' S;87;2023;1;7;0.0
410005;El Tepual  Puerto Montt Ap.;41&deg 26' 51'' S;87;2023;1;8;0.0
410005;El Tepual  Puerto Montt Ap.;41&deg 26' 51'' S;87;2023;1;9;16.2
410005;El Tepual  Puerto Montt Ap.;41&deg 26' 51'' S;87;2023;1;10;1.4
410005;El Tepual  Puerto Montt Ap.;41&deg 26' 51'' S;87;2023;1;11;0.0
410005;El Tepual  Puerto Montt Ap.;41&deg 26' 51'' S;87;2023;1;12;0.0
410005;El Tepual  Puerto Montt Ap.;41&deg 26' 51'' S;87;2023;1;13;0.0
410005;El Tepual  Puerto Montt Ap.;41&deg 26' 51'' S;87;2023;1;14;0.0
410005;El Tepual  Puerto Montt Ap.;41&deg 26' 51'' S;87;2023;1;15;0.0
410005;El Tepual  Puerto Montt Ap.;41&deg 26' 51'' S;87;2023;1;16;0.0
410005;El Tepual  Puerto Montt Ap.;41&deg 26' 51'' S;87;2023;1;17;0.0
410005;El Tepual  Puerto Montt Ap.;41&deg 26' 51'' S;87;2023;1;18;0.0
410005;El Tepual  Puerto Montt Ap.;41&deg 26' 51'' S;87;2023;1;19;0.0
410005;El Tepual  Puerto Montt Ap.;41&deg 26' 51'' S;87;2023;1;20;0.0
410005;El Tepual  Puerto Montt Ap.;41&deg 26' 51'' S;87;2023;1;21;0.0
410005;El Tepual  Puerto Montt Ap.;41&deg 26' 51'' S;87;2023;1;22;0.0
410005;El Tepual  Puerto Montt Ap.;41&deg 26' 51'' S;87;2023;1;23;11.4
410005;El Tepual  Puerto Montt Ap.;41&deg 26' 51'' S;87;2023;1;24;0.0
410005;El Tepual  Puerto Montt Ap.;41&deg 26' 51'' S;87;2023;1;25;2.8
410005;El Tepual  Puerto Montt Ap.;41&deg 26' 51'' S;87;2023;1;26;0.2
410005;El Tepual  Puerto Montt Ap.;41&deg 26' 51'' S;87;2023;1;27;0.0
410005;El Tepual  Puerto Montt Ap.;41&deg 26' 51'' S;87;2023;1;28;0.0
410005;El Tepual  Puerto Montt Ap.;41&deg 26' 51'' S;87;2023;1;29;1.2
410005;El Tepual  Puerto Montt Ap.;41&deg 26' 51'' S;87;2023;1;30;0.0
410005;El Tepual  Puerto Montt Ap.;41&deg 26' 51'' S;87;2023;1;31;0.0
430002;Futaleufú Ad.;43&deg 11' 20'' S;347;2023;1;1;0.0
430002;Futaleufú Ad.;43&deg 11' 20'' S;347;2023;1;2;0.2
430002;Futaleufú Ad.;43&deg 11' 20'' S;347;2023;1;3;0.0
430002;Futaleufú Ad.;43&deg 11' 20'' S;347;2023;1;4;0.0
430002;Futaleufú Ad.;43&deg 11' 20'' S;347;2023;1;5;0.0
430002;Futaleufú Ad.;43&deg 11' 20'' S;347;2023;1;6;0.0
430002;Futaleufú Ad.;43&deg 11' 20'' S;347;2023;1;7;0.0
430002;Futaleufú Ad.;43&deg 11' 20'' S;347;2023;1;8;0.0
430002;Futaleufú Ad.;43&deg 11' 20'' S;347;2023;1;9;1.2
430002;Futaleufú Ad.;43&deg 11' 20'' S;347;2023;1;10;0.2
430002;Futaleufú Ad.;43&deg 11' 20'' S;347;2023;1;11;0.0
430002;Futaleufú Ad.;43&deg 11' 20'' S;347;2023;1;12;0.0
430002;Futaleufú Ad.;43&deg 11' 20'' S;347;2023;1;13;0.0
430002;Futaleufú Ad.;43&deg 11' 20'' S;347;2023;1;14;0.0
430002;Futaleufú Ad.;43&deg 11' 20'' S;347;2023;1;15;0.0
430002;Futaleufú Ad.;43&deg 11' 20'' S;347;2023;1;16;0.0
430002;Futaleufú Ad.;43&deg 11' 20'' S;347;2023;1;17;0.0
430002;Futaleufú Ad.;43&deg 11' 20'' S;347;2023;1;18;0.0
430002;Futaleufú Ad.;43&deg 11' 20'' S;347;2023;1;19;0.0
430002;Futaleufú Ad.;43&deg 11' 20'' S;347;2023;1;20;0.0
430002;Futaleufú Ad.;43&deg 11' 20'' S;347;2023;1;21;2.4
430002;Futaleufú Ad.;43&deg 11' 20'' S;347;2023;1;22;0.0
430002;Futaleufú Ad.;43&deg 11' 20'' S;347;2023;1;23;17.6
430002;Futaleufú Ad.;43&deg 11' 20'' S;347;2023;1;24;0.4
430002;Futaleufú Ad.;43&deg 11' 20'' S;347;2023;1;25;1.8
430002;Futaleufú Ad.;43&deg 11' 20'' S;347;2023;1;26;0.0
430002;Futaleufú Ad.;43&deg 11' 20'' S;347;2023;1;27;0.0
430002;Futaleufú Ad.;43&deg 11' 20'' S;347;2023;1;28;0.0
430002;Futaleufú Ad.;43&deg 11' 20'' S;347;2023;1;29;0.0
430002;Futaleufú Ad.;43&deg 11' 20'' S;347;2023;1;30;0.0
430002;Futaleufú Ad.;43&deg 11' 20'' S;347;2023;1;31;0.0
430004;Alto Palena Ad.;43&deg 36' 42'' S;256;2023;1;1;0.3
430004;Alto Palena Ad.;43&deg 36' 42'' S;256;2023;1;2;0.0
430004;Alto Palena Ad.;43&deg 36' 42'' S;256;2023;1;3;0.0
430004;Alto Palena Ad.;43&deg 36' 42'' S;256;2023;1;4;0.0
430004;Alto Palena Ad.;43&deg 36' 42'' S;256;2023;1;5;0.0
430004;Alto Palena Ad.;43&deg 36' 42'' S;256;2023;1;6;0.0
430004;Alto Palena Ad.;43&deg 36' 42'' S;256;2023;1;7;0.0
430004;Alto Palena Ad.;43&deg 36' 42'' S;256;2023;1;8;0.0
430004;Alto Palena Ad.;43&deg 36' 42'' S;256;2023;1;9;0.3
430004;Alto Palena Ad.;43&deg 36' 42'' S;256;2023;1;10;0.7
430004;Alto Palena Ad.;43&deg 36' 42'' S;256;2023;1;11;0.2
430004;Alto Palena Ad.;43&deg 36' 42'' S;256;2023;1;12;0.0
430004;Alto Palena Ad.;43&deg 36' 42'' S;256;2023;1;13;0.0
430004;Alto Palena Ad.;43&deg 36' 42'' S;256;2023;1;14;0.0
430004;Alto Palena Ad.;43&deg 36' 42'' S;256;2023;1;15;0.0
430004;Alto Palena Ad.;43&deg 36' 42'' S;256;2023;1;16;0.0
430004;Alto Palena Ad.;43&deg 36' 42'' S;256;2023;1;17;0.0
430004;Alto Palena Ad.;43&deg 36' 42'' S;256;2023;1;18;0.0
430004;Alto Palena Ad.;43&deg 36' 42'' S;256;2023;1;19;0.0
430004;Alto Palena Ad.;43&deg 36' 42'' S;256;2023;1;20;0.0
430004;Alto Palena Ad.;43&deg 36' 42'' S;256;2023;1;21;1.0
430004;Alto Palena Ad.;43&deg 36' 42'' S;256;2023;1;22;0.0
430004;Alto Palena Ad.;43&deg 36' 42'' S;256;2023;1;23;7.8
430004;Alto Palena Ad.;43&deg 36' 42'' S;256;2023;1;24;0.1
430004;Alto Palena Ad.;43&deg 36' 42'' S;256;2023;1;25;0.4
430004;Alto Palena Ad.;43&deg 36' 42'' S;256;2023;1;26;0.3
430004;Alto Palena Ad.;43&deg 36' 42'' S;256;2023;1;27;0.0
430004;Alto Palena Ad.;43&deg 36' 42'' S;256;2023;1;28;0.0
430004;Alto Palena Ad.;43&deg 36' 42'' S;256;2023;1;29;0.0
430004;Alto Palena Ad.;43&deg 36' 42'' S;256;2023;1;30;0.0
430004;Alto Palena Ad.;43&deg 36' 42'' S;256;2023;1;31;0.0
450001;Puerto Aysén Ad.;45&deg 23' 58'' S;11;2023;1;1;
450001;Puerto Aysén Ad.;45&deg 23' 58'' S;11;2023;1;2;
450001;Puerto Aysén Ad.;45&deg 23' 58'' S;11;2023;1;3;1.2
450001;Puerto Aysén Ad.;45&deg 23' 58'' S;11;2023;1;4;0.0
450001;Puerto Aysén Ad.;45&deg 23' 58'' S;11;2023;1;5;0.0
450001;Puerto Aysén Ad.;45&deg 23' 58'' S;11;2023;1;6;4.9
450001;Puerto Aysén Ad.;45&deg 23' 58'' S;11;2023;1;7;0.5
450001;Puerto Aysén Ad.;45&deg 23' 58'' S;11;2023;1;8;17.1
450001;Puerto Aysén Ad.;45&deg 23' 58'' S;11;2023;1;9;1.1
450001;Puerto Aysén Ad.;45&deg 23' 58'' S;11;2023;1;10;4.1
450001;Puerto Aysén Ad.;45&deg 23' 58'' S;11;2023;1;11;0.0
450001;Puerto Aysén Ad.;45&deg 23' 58'' S;11;2023;1;12;0.0
450001;Puerto Aysén Ad.;45&deg 23' 58'' S;11;2023;1;13;3.3
450001;Puerto Aysén Ad.;45&deg 23' 58'' S;11;2023;1;14;0.0
450001;Puerto Aysén Ad.;45&deg 23' 58'' S;11;2023;1;15;0.0
450001;Puerto Aysén Ad.;45&deg 23' 58'' S;11;2023;1;16;0.0
450001;Puerto Aysén Ad.;45&deg 23' 58'' S;11;2023;1;17;0.0
450001;Puerto Aysén Ad.;45&deg 23' 58'' S;11;2023;1;18;0.0
450001;Puerto Aysén Ad.;45&deg 23' 58'' S;11;2023;1;19;0.0
450001;Puerto Aysén Ad.;45&deg 23' 58'' S;11;2023;1;20;0.7
450001;Puerto Aysén Ad.;45&deg 23' 58'' S;11;2023;1;21;6.2
450001;Puerto Aysén Ad.;45&deg 23' 58'' S;11;2023;1;22;0.0
450001;Puerto Aysén Ad.;45&deg 23' 58'' S;11;2023;1;23;14.9
450001;Puerto Aysén Ad.;45&deg 23' 58'' S;11;2023;1;24;5.6
450001;Puerto Aysén Ad.;45&deg 23' 58'' S;11;2023;1;25;14.6
450001;Puerto Aysén Ad.;45&deg 23' 58'' S;11;2023;1;26;2.5
450001;Puerto Aysén Ad.;45&deg 23' 58'' S;11;2023;1;27;0.0
450001;Puerto Aysén Ad.;45&deg 23' 58'' S;11;2023;1;28;0.0
450001;Puerto Aysén Ad.;45&deg 23' 58'' S;11;2023;1;29;1.1
450001;Puerto Aysén Ad.;45&deg 23' 58'' S;11;2023;1;30;0.0
450001;Puerto Aysén Ad.;45&deg 23' 58'' S;11;2023;1;31;0.0
450004;Teniente Vidal, Coyhaique Ad.;45&deg 35' 27'' S;299;2023;1;1;1.0
450004;Teniente Vidal, Coyhaique Ad.;45&deg 35' 27'' S;299;2023;1;2;0.0
450004;Teniente Vidal, Coyhaique Ad.;45&deg 35' 27'' S;299;2023;1;3;0.0
450004;Teniente Vidal, Coyhaique Ad.;45&deg 35' 27'' S;299;2023;1;4;0.0
450004;Teniente Vidal, Coyhaique Ad.;45&deg 35' 27'' S;299;2023;1;5;0.0
450004;Teniente Vidal, Coyhaique Ad.;45&deg 35' 27'' S;299;2023;1;6;0.0
450004;Teniente Vidal, Coyhaique Ad.;45&deg 35' 27'' S;299;2023;1;7;0.0
450004;Teniente Vidal, Coyhaique Ad.;45&deg 35' 27'' S;299;2023;1;8;4.8
450004;Teniente Vidal, Coyhaique Ad.;45&deg 35' 27'' S;299;2023;1;9;0.0
450004;Teniente Vidal, Coyhaique Ad.;45&deg 35' 27'' S;299;2023;1;10;11.0
450004;Teniente Vidal, Coyhaique Ad.;45&deg 35' 27'' S;299;2023;1;11;0.0
450004;Teniente Vidal, Coyhaique Ad.;45&deg 35' 27'' S;299;2023;1;12;0.0
450004;Teniente Vidal, Coyhaique Ad.;45&deg 35' 27'' S;299;2023;1;13;0.2
450004;Teniente Vidal, Coyhaique Ad.;45&deg 35' 27'' S;299;2023;1;14;0.0
450004;Teniente Vidal, Coyhaique Ad.;45&deg 35' 27'' S;299;2023;1;15;0.0
450004;Teniente Vidal, Coyhaique Ad.;45&deg 35' 27'' S;299;2023;1;16;0.0
450004;Teniente Vidal, Coyhaique Ad.;45&deg 35' 27'' S;299;2023;1;17;0.0
450004;Teniente Vidal, Coyhaique Ad.;45&deg 35' 27'' S;299;2023;1;18;0.0
450004;Teniente Vidal, Coyhaique Ad.;45&deg 35' 27'' S;299;2023;1;19;0.0
450004;Teniente Vidal, Coyhaique Ad.;45&deg 35' 27'' S;299;2023;1;20;0.0
450004;Teniente Vidal, Coyhaique Ad.;45&deg 35' 27'' S;299;2023;1;21;0.0
450004;Teniente Vidal, Coyhaique Ad.;45&deg 35' 27'' S;299;2023;1;22;0.0
450004;Teniente Vidal, Coyhaique Ad.;45&deg 35' 27'' S;299;2023;1;23;2.0
450004;Teniente Vidal, Coyhaique Ad.;45&deg 35' 27'' S;299;2023;1;24;1.6
450004;Teniente Vidal, Coyhaique Ad.;45&deg 35' 27'' S;299;2023;1;25;0.8
450004;Teniente Vidal, Coyhaique Ad.;45&deg 35' 27'' S;299;2023;1;26;0.0
450004;Teniente Vidal, Coyhaique Ad.;45&deg 35' 27'' S;299;2023;1;27;0.0
450004;Teniente Vidal, Coyhaique Ad.;45&deg 35' 27'' S;299;2023;1;28;0.0
450004;Teniente Vidal, Coyhaique Ad.;45&deg 35' 27'' S;299;2023;1;29;0.0
450004;Teniente Vidal, Coyhaique Ad.;45&deg 35' 27'' S;299;2023;1;30;0.0
450004;Teniente Vidal, Coyhaique Ad.;45&deg 35' 27'' S;299;2023;1;31;0.0
450005;Balmaceda Ad.;45&deg 55' 6'' S;517;2023;1;1;0.0
450005;Balmaceda Ad.;45&deg 55' 6'' S;517;2023;1;2;0.0
450005;Balmaceda Ad.;45&deg 55' 6'' S;517;2023;1;3;0.0
450005;Balmaceda Ad.;45&deg 55' 6'' S;517;2023;1;4;0.0
450005;Balmaceda Ad.;45&deg 55' 6'' S;517;2023;1;5;0.0
450005;Balmaceda Ad.;45&deg 55' 6'' S;517;2023;1;6;0.0
450005;Balmaceda Ad.;45&deg 55' 6'' S;517;2023;1;7;0.0
450005;Balmaceda Ad.;45&deg 55' 6'' S;517;2023;1;8;1.2
450005;Balmaceda Ad.;45&deg 55' 6'' S;517;2023;1;9;0.1
450005;Balmaceda Ad.;45&deg 55' 6'' S;517;2023;1;10;12.1
450005;Balmaceda Ad.;45&deg 55' 6'' S;517;2023;1;11;0.0
450005;Balmaceda Ad.;45&deg 55' 6'' S;517;2023;1;12;0.0
450005;Balmaceda Ad.;45&deg 55' 6'' S;517;2023;1;13;0.0
450005;Balmaceda Ad.;45&deg 55' 6'' S;517;2023;1;14;0.0
450005;Balmaceda Ad.;45&deg 55' 6'' S;517;2023;1;15;0.0
450005;Balmaceda Ad.;45&deg 55' 6'' S;517;2023;1;16;0.0
450005;Balmaceda Ad.;45&deg 55' 6'' S;517;2023;1;17;0.0
450005;Balmaceda Ad.;45&deg 55' 6'' S;517;2023;1;18;0.0
450005;Balmaceda Ad.;45&deg 55' 6'' S;517;2023;1;19;0.0
450005;Balmaceda Ad.;45&deg 55' 6'' S;517;2023;1;20;0.4
450005;Balmaceda Ad.;45&deg 55' 6'' S;517;2023;1;21;0.0
450005;Balmaceda Ad.;45&deg 55' 6'' S;517;2023;1;22;0.0
450005;Balmaceda Ad.;45&deg 55' 6'' S;517;2023;1;23;0.7
450005;Balmaceda Ad.;45&deg 55' 6'' S;517;2023;1;24;0.0
450005;Balmaceda Ad.;45&deg 55' 6'' S;517;2023;1;25;0.1
450005;Balmaceda Ad.;45&deg 55' 6'' S;517;2023;1;26;0.0
450005;Balmaceda Ad.;45&deg 55' 6'' S;517;2023;1;27;0.0
450005;Balmaceda Ad.;45&deg 55' 6'' S;517;2023;1;28;0.0
450005;Balmaceda Ad.;45&deg 55' 6'' S;517;2023;1;29;0.0
450005;Balmaceda Ad.;45&deg 55' 6'' S;517;2023;1;30;0.0
450005;Balmaceda Ad.;45&deg 55' 6'' S;517;2023;1;31;0.0
460001;Chile Chico Ad.;46&deg 35' 6'' S;311;2023;1;1;
460001;Chile Chico Ad.;46&deg 35' 6'' S;311;2023;1;2;0.0
460001;Chile Chico Ad.;46&deg 35' 6'' S;311;2023;1;3;0.0
460001;Chile Chico Ad.;46&deg 35' 6'' S;311;2023;1;4;0.0
460001;Chile Chico Ad.;46&deg 35' 6'' S;311;2023;1;5;0.0
460001;Chile Chico Ad.;46&deg 35' 6'' S;311;2023;1;6;0.0
460001;Chile Chico Ad.;46&deg 35' 6'' S;311;2023;1;7;
460001;Chile Chico Ad.;46&deg 35' 6'' S;311;2023;1;8;0.0
460001;Chile Chico Ad.;46&deg 35' 6'' S;311;2023;1;9;1.8
460001;Chile Chico Ad.;46&deg 35' 6'' S;311;2023;1;10;17.0
460001;Chile Chico Ad.;46&deg 35' 6'' S;311;2023;1;11;0.0
460001;Chile Chico Ad.;46&deg 35' 6'' S;311;2023;1;12;0.0
460001;Chile Chico Ad.;46&deg 35' 6'' S;311;2023;1;13;0.0
460001;Chile Chico Ad.;46&deg 35' 6'' S;311;2023;1;14;0.0
460001;Chile Chico Ad.;46&deg 35' 6'' S;311;2023;1;15;0.0
460001;Chile Chico Ad.;46&deg 35' 6'' S;311;2023;1;16;0.0
460001;Chile Chico Ad.;46&deg 35' 6'' S;311;2023;1;17;0.0
460001;Chile Chico Ad.;46&deg 35' 6'' S;311;2023;1;18;0.0
460001;Chile Chico Ad.;46&deg 35' 6'' S;311;2023;1;19;0.0
460001;Chile Chico Ad.;46&deg 35' 6'' S;311;2023;1;20;0.0
460001;Chile Chico Ad.;46&deg 35' 6'' S;311;2023;1;21;
460001;Chile Chico Ad.;46&deg 35' 6'' S;311;2023;1;22;0.0
460001;Chile Chico Ad.;46&deg 35' 6'' S;311;2023;1;23;0.0
460001;Chile Chico Ad.;46&deg 35' 6'' S;311;2023;1;24;0.0
460001;Chile Chico Ad.;46&deg 35' 6'' S;311;2023;1;25;0.0
460001;Chile Chico Ad.;46&deg 35' 6'' S;311;2023;1;26;0.0
460001;Chile Chico Ad.;46&deg 35' 6'' S;311;2023;1;27;0.0
460001;Chile Chico Ad.;46&deg 35' 6'' S;311;2023;1;28;
460001;Chile Chico Ad.;46&deg 35' 6'' S;311;2023;1;29;0.0
460001;Chile Chico Ad.;46&deg 35' 6'' S;311;2023;1;30;0.0
460001;Chile Chico Ad.;46&deg 35' 6'' S;311;2023;1;31;0.0
470001;Lord Cochrane Ad.;47&deg 14' 38'' S;209;2023;1;1;
470001;Lord Cochrane Ad.;47&deg 14' 38'' S;209;2023;1;2;0.0
470001;Lord Cochrane Ad.;47&deg 14' 38'' S;209;2023;1;3;0.0
470001;Lord Cochrane Ad.;47&deg 14' 38'' S;209;2023;1;4;0.0
470001;Lord Cochrane Ad.;47&deg 14' 38'' S;209;2023;1;5;0.0
470001;Lord Cochrane Ad.;47&deg 14' 38'' S;209;2023;1;6;0.0
470001;Lord Cochrane Ad.;47&deg 14' 38'' S;209;2023;1;7;
470001;Lord Cochrane Ad.;47&deg 14' 38'' S;209;2023;1;8;4.0
470001;Lord Cochrane Ad.;47&deg 14' 38'' S;209;2023;1;9;0.0
470001;Lord Cochrane Ad.;47&deg 14' 38'' S;209;2023;1;10;13.8
470001;Lord Cochrane Ad.;47&deg 14' 38'' S;209;2023;1;11;0.0
470001;Lord Cochrane Ad.;47&deg 14' 38'' S;209;2023;1;12;0.0
470001;Lord Cochrane Ad.;47&deg 14' 38'' S;209;2023;1;13;0.0
470001;Lord Cochrane Ad.;47&deg 14' 38'' S;209;2023;1;14;
470001;Lord Cochrane Ad.;47&deg 14' 38'' S;209;2023;1;15;0.0
470001;Lord Cochrane Ad.;47&deg 14' 38'' S;209;2023;1;16;0.0
470001;Lord Cochrane Ad.;47&deg 14' 38'' S;209;2023;1;17;0.0
470001;Lord Cochrane Ad.;47&deg 14' 38'' S;209;2023;1;18;0.0
470001;Lord Cochrane Ad.;47&deg 14' 38'' S;209;2023;1;19;0.0
470001;Lord Cochrane Ad.;47&deg 14' 38'' S;209;2023;1;20;0.0
470001;Lord Cochrane Ad.;47&deg 14' 38'' S;209;2023;1;21;
470001;Lord Cochrane Ad.;47&deg 14' 38'' S;209;2023;1;22;0.0
470001;Lord Cochrane Ad.;47&deg 14' 38'' S;209;2023;1;23;1.4
470001;Lord Cochrane Ad.;47&deg 14' 38'' S;209;2023;1;24;0.6
470001;Lord Cochrane Ad.;47&deg 14' 38'' S;209;2023;1;25;0.0
470001;Lord Cochrane Ad.;47&deg 14' 38'' S;209;2023;1;26;0.0
470001;Lord Cochrane Ad.;47&deg 14' 38'' S;209;2023;1;27;0.0
470001;Lord Cochrane Ad.;47&deg 14' 38'' S;209;2023;1;28;
470001;Lord Cochrane Ad.;47&deg 14' 38'' S;209;2023;1;29;0.0
470001;Lord Cochrane Ad.;47&deg 14' 38'' S;209;2023;1;30;0.0
470001;Lord Cochrane Ad.;47&deg 14' 38'' S;209;2023;1;31;0.0
510005;Teniente Gallardo, Puerto Natales Ad.;51&deg 40' 2'' S;69;2023;1;1;0.2
510005;Teniente Gallardo, Puerto Natales Ad.;51&deg 40' 2'' S;69;2023;1;2;0.0
510005;Teniente Gallardo, Puerto Natales Ad.;51&deg 40' 2'' S;69;2023;1;3;4.4
510005;Teniente Gallardo, Puerto Natales Ad.;51&deg 40' 2'' S;69;2023;1;4;0.7
510005;Teniente Gallardo, Puerto Natales Ad.;51&deg 40' 2'' S;69;2023;1;5;0.0
510005;Teniente Gallardo, Puerto Natales Ad.;51&deg 40' 2'' S;69;2023;1;6;0.1
510005;Teniente Gallardo, Puerto Natales Ad.;51&deg 40' 2'' S;69;2023;1;7;0.0
510005;Teniente Gallardo, Puerto Natales Ad.;51&deg 40' 2'' S;69;2023;1;8;0.0
510005;Teniente Gallardo, Puerto Natales Ad.;51&deg 40' 2'' S;69;2023;1;9;0.0
510005;Teniente Gallardo, Puerto Natales Ad.;51&deg 40' 2'' S;69;2023;1;10;0.0
510005;Teniente Gallardo, Puerto Natales Ad.;51&deg 40' 2'' S;69;2023;1;11;0.0
510005;Teniente Gallardo, Puerto Natales Ad.;51&deg 40' 2'' S;69;2023;1;12;0.0
510005;Teniente Gallardo, Puerto Natales Ad.;51&deg 40' 2'' S;69;2023;1;13;0.0
510005;Teniente Gallardo, Puerto Natales Ad.;51&deg 40' 2'' S;69;2023;1;14;0.0
510005;Teniente Gallardo, Puerto Natales Ad.;51&deg 40' 2'' S;69;2023;1;15;0.2
510005;Teniente Gallardo, Puerto Natales Ad.;51&deg 40' 2'' S;69;2023;1;16;0.0
510005;Teniente Gallardo, Puerto Natales Ad.;51&deg 40' 2'' S;69;2023;1;17;0.0
510005;Teniente Gallardo, Puerto Natales Ad.;51&deg 40' 2'' S;69;2023;1;18;0.0
510005;Teniente Gallardo, Puerto Natales Ad.;51&deg 40' 2'' S;69;2023;1;19;0.0
510005;Teniente Gallardo, Puerto Natales Ad.;51&deg 40' 2'' S;69;2023;1;20;0.0
510005;Teniente Gallardo, Puerto Natales Ad.;51&deg 40' 2'' S;69;2023;1;21;0.0
510005;Teniente Gallardo, Puerto Natales Ad.;51&deg 40' 2'' S;69;2023;1;22;0.0
510005;Teniente Gallardo, Puerto Natales Ad.;51&deg 40' 2'' S;69;2023;1;23;0.3
510005;Teniente Gallardo, Puerto Natales Ad.;51&deg 40' 2'' S;69;2023;1;24;2.2
510005;Teniente Gallardo, Puerto Natales Ad.;51&deg 40' 2'' S;69;2023;1;25;0.6
510005;Teniente Gallardo, Puerto Natales Ad.;51&deg 40' 2'' S;69;2023;1;26;0.0
510005;Teniente Gallardo, Puerto Natales Ad.;51&deg 40' 2'' S;69;2023;1;27;0.0
510005;Teniente Gallardo, Puerto Natales Ad.;51&deg 40' 2'' S;69;2023;1;28;0.0
510005;Teniente Gallardo, Puerto Natales Ad.;51&deg 40' 2'' S;69;2023;1;29;0.4
510005;Teniente Gallardo, Puerto Natales Ad.;51&deg 40' 2'' S;69;2023;1;30;0.0
510005;Teniente Gallardo, Puerto Natales Ad.;51&deg 40' 2'' S;69;2023;1;31;0.0
520006;Carlos Ibañez, Punta Arenas Ap.;53&deg 0' 6'' S;36;2023;1;1;4.0
520006;Carlos Ibañez, Punta Arenas Ap.;53&deg 0' 6'' S;36;2023;1;2;0.6
520006;Carlos Ibañez, Punta Arenas Ap.;53&deg 0' 6'' S;36;2023;1;3;0.2
520006;Carlos Ibañez, Punta Arenas Ap.;53&deg 0' 6'' S;36;2023;1;4;4.0
520006;Carlos Ibañez, Punta Arenas Ap.;53&deg 0' 6'' S;36;2023;1;5;0.0
520006;Carlos Ibañez, Punta Arenas Ap.;53&deg 0' 6'' S;36;2023;1;6;0.0
520006;Carlos Ibañez, Punta Arenas Ap.;53&deg 0' 6'' S;36;2023;1;7;0.0
520006;Carlos Ibañez, Punta Arenas Ap.;53&deg 0' 6'' S;36;2023;1;8;0.0
520006;Carlos Ibañez, Punta Arenas Ap.;53&deg 0' 6'' S;36;2023;1;9;0.0
520006;Carlos Ibañez, Punta Arenas Ap.;53&deg 0' 6'' S;36;2023;1;10;0.0
520006;Carlos Ibañez, Punta Arenas Ap.;53&deg 0' 6'' S;36;2023;1;11;0.0
520006;Carlos Ibañez, Punta Arenas Ap.;53&deg 0' 6'' S;36;2023;1;12;0.0
520006;Carlos Ibañez, Punta Arenas Ap.;53&deg 0' 6'' S;36;2023;1;13;1.0
520006;Carlos Ibañez, Punta Arenas Ap.;53&deg 0' 6'' S;36;2023;1;14;0.2
520006;Carlos Ibañez, Punta Arenas Ap.;53&deg 0' 6'' S;36;2023;1;15;0.0
520006;Carlos Ibañez, Punta Arenas Ap.;53&deg 0' 6'' S;36;2023;1;16;0.0
520006;Carlos Ibañez, Punta Arenas Ap.;53&deg 0' 6'' S;36;2023;1;17;0.2
520006;Carlos Ibañez, Punta Arenas Ap.;53&deg 0' 6'' S;36;2023;1;18;0.0
520006;Carlos Ibañez, Punta Arenas Ap.;53&deg 0' 6'' S;36;2023;1;19;1.0
520006;Carlos Ibañez, Punta Arenas Ap.;53&deg 0' 6'' S;36;2023;1;20;0.0
520006;Carlos Ibañez, Punta Arenas Ap.;53&deg 0' 6'' S;36;2023;1;21;0.0
520006;Carlos Ibañez, Punta Arenas Ap.;53&deg 0' 6'' S;36;2023;1;22;0.0
520006;Carlos Ibañez, Punta Arenas Ap.;53&deg 0' 6'' S;36;2023;1;23;0.0
520006;Carlos Ibañez, Punta Arenas Ap.;53&deg 0' 6'' S;36;2023;1;24;0.0
520006;Carlos Ibañez, Punta Arenas Ap.;53&deg 0' 6'' S;36;2023;1;25;0.0
520006;Carlos Ibañez, Punta Arenas Ap.;53&deg 0' 6'' S;36;2023;1;26;0.2
520006;Carlos Ibañez, Punta Arenas Ap.;53&deg 0' 6'' S;36;2023;1;27;1.4
520006;Carlos Ibañez, Punta Arenas Ap.;53&deg 0' 6'' S;36;2023;1;28;0.0
520006;Carlos Ibañez, Punta Arenas Ap.;53&deg 0' 6'' S;36;2023;1;29;0.4
520006;Carlos Ibañez, Punta Arenas Ap.;53&deg 0' 6'' S;36;2023;1;30;0.0
520006;Carlos Ibañez, Punta Arenas Ap.;53&deg 0' 6'' S;36;2023;1;31;0.0
530005;Fuentes Martínez, Porvenir Ad.;53&deg 15' 13'' S;25;2023;1;1;0.2
530005;Fuentes Martínez, Porvenir Ad.;53&deg 15' 13'' S;25;2023;1;2;0.0
530005;Fuentes Martínez, Porvenir Ad.;53&deg 15' 13'' S;25;2023;1;3;0.1
530005;Fuentes Martínez, Porvenir Ad.;53&deg 15' 13'' S;25;2023;1;4;13.2
530005;Fuentes Martínez, Porvenir Ad.;53&deg 15' 13'' S;25;2023;1;5;0.0
530005;Fuentes Martínez, Porvenir Ad.;53&deg 15' 13'' S;25;2023;1;6;0.0
530005;Fuentes Martínez, Porvenir Ad.;53&deg 15' 13'' S;25;2023;1;7;0.0
530005;Fuentes Martínez, Porvenir Ad.;53&deg 15' 13'' S;25;2023;1;8;0.0
530005;Fuentes Martínez, Porvenir Ad.;53&deg 15' 13'' S;25;2023;1;9;0.0
530005;Fuentes Martínez, Porvenir Ad.;53&deg 15' 13'' S;25;2023;1;10;0.0
530005;Fuentes Martínez, Porvenir Ad.;53&deg 15' 13'' S;25;2023;1;11;0.0
530005;Fuentes Martínez, Porvenir Ad.;53&deg 15' 13'' S;25;2023;1;12;0.0
530005;Fuentes Martínez, Porvenir Ad.;53&deg 15' 13'' S;25;2023;1;13;0.0
530005;Fuentes Martínez, Porvenir Ad.;53&deg 15' 13'' S;25;2023;1;14;0.0
530005;Fuentes Martínez, Porvenir Ad.;53&deg 15' 13'' S;25;2023;1;15;0.0
530005;Fuentes Martínez, Porvenir Ad.;53&deg 15' 13'' S;25;2023;1;16;0.0
530005;Fuentes Martínez, Porvenir Ad.;53&deg 15' 13'' S;25;2023;1;17;7.5
530005;Fuentes Martínez, Porvenir Ad.;53&deg 15' 13'' S;25;2023;1;18;0.0
530005;Fuentes Martínez, Porvenir Ad.;53&deg 15' 13'' S;25;2023;1;19;1.7
530005;Fuentes Martínez, Porvenir Ad.;53&deg 15' 13'' S;25;2023;1;20;0.0
530005;Fuentes Martínez, Porvenir Ad.;53&deg 15' 13'' S;25;2023;1;21;0.0
530005;Fuentes Martínez, Porvenir Ad.;53&deg 15' 13'' S;25;2023;1;22;0.0
530005;Fuentes Martínez, Porvenir Ad.;53&deg 15' 13'' S;25;2023;1;23;0.0
530005;Fuentes Martínez, Porvenir Ad.;53&deg 15' 13'' S;25;2023;1;24;0.0
530005;Fuentes Martínez, Porvenir Ad.;53&deg 15' 13'' S;25;2023;1;25;0.0
530005;Fuentes Martínez, Porvenir Ad.;53&deg 15' 13'' S;25;2023;1;26;0.0
530005;Fuentes Martínez, Porvenir Ad.;53&deg 15' 13'' S;25;2023;1;27;4.2
530005;Fuentes Martínez, Porvenir Ad.;53&deg 15' 13'' S;25;2023;1;28;0.0
530005;Fuentes Martínez, Porvenir Ad.;53&deg 15' 13'' S;25;2023;1;29;0.0
530005;Fuentes Martínez, Porvenir Ad.;53&deg 15' 13'' S;25;2023;1;30;0.0
530005;Fuentes Martínez, Porvenir Ad.;53&deg 15' 13'' S;25;2023;1;31;0.0
550001;Guardiamarina Zañartu, Pto Williams Ad.;54&deg 55' 54'' S;12;2023;1;1;1.3
550001;Guardiamarina Zañartu, Pto Williams Ad.;54&deg 55' 54'' S;12;2023;1;2;2.0
550001;Guardiamarina Zañartu, Pto Williams Ad.;54&deg 55' 54'' S;12;2023;1;3;4.9
550001;Guardiamarina Zañartu, Pto Williams Ad.;54&deg 55' 54'' S;12;2023;1;4;5.0
550001;Guardiamarina Zañartu, Pto Williams Ad.;54&deg 55' 54'' S;12;2023;1;5;0.3
550001;Guardiamarina Zañartu, Pto Williams Ad.;54&deg 55' 54'' S;12;2023;1;6;0.0
550001;Guardiamarina Zañartu, Pto Williams Ad.;54&deg 55' 54'' S;12;2023;1;7;0.0
550001;Guardiamarina Zañartu, Pto Williams Ad.;54&deg 55' 54'' S;12;2023;1;8;0.0
550001;Guardiamarina Zañartu, Pto Williams Ad.;54&deg 55' 54'' S;12;2023;1;9;0.0
550001;Guardiamarina Zañartu, Pto Williams Ad.;54&deg 55' 54'' S;12;2023;1;10;0.0
550001;Guardiamarina Zañartu, Pto Williams Ad.;54&deg 55' 54'' S;12;2023;1;11;0.0
550001;Guardiamarina Zañartu, Pto Williams Ad.;54&deg 55' 54'' S;12;2023;1;12;0.1
550001;Guardiamarina Zañartu, Pto Williams Ad.;54&deg 55' 54'' S;12;2023;1;13;0.0
550001;Guardiamarina Zañartu, Pto Williams Ad.;54&deg 55' 54'' S;12;2023;1;14;
550001;Guardiamarina Zañartu, Pto Williams Ad.;54&deg 55' 54'' S;12;2023;1;15;1.0
550001;Guardiamarina Zañartu, Pto Williams Ad.;54&deg 55' 54'' S;12;2023;1;16;0.0
550001;Guardiamarina Zañartu, Pto Williams Ad.;54&deg 55' 54'' S;12;2023;1;17;0.2
550001;Guardiamarina Zañartu, Pto Williams Ad.;54&deg 55' 54'' S;12;2023;1;18;0.1
550001;Guardiamarina Zañartu, Pto Williams Ad.;54&deg 55' 54'' S;12;2023;1;19;0.1
550001;Guardiamarina Zañartu, Pto Williams Ad.;54&deg 55' 54'' S;12;2023;1;20;0.0
550001;Guardiamarina Zañartu, Pto Williams Ad.;54&deg 55' 54'' S;12;2023;1;21;1.5
550001;Guardiamarina Zañartu, Pto Williams Ad.;54&deg 55' 54'' S;12;2023;1;22;0.0
550001;Guardiamarina Zañartu, Pto Williams Ad.;54&deg 55' 54'' S;12;2023;1;23;3.1
550001;Guardiamarina Zañartu, Pto Williams Ad.;54&deg 55' 54'' S;12;2023;1;24;0.2
550001;Guardiamarina Zañartu, Pto Williams Ad.;54&deg 55' 54'' S;12;2023;1;25;0.7
550001;Guardiamarina Zañartu, Pto Williams Ad.;54&deg 55' 54'' S;12;2023;1;26;0.1
550001;Guardiamarina Zañartu, Pto Williams Ad.;54&deg 55' 54'' S;12;2023;1;27;1.1
550001;Guardiamarina Zañartu, Pto Williams Ad.;54&deg 55' 54'' S;12;2023;1;28;0.0
550001;Guardiamarina Zañartu, Pto Williams Ad.;54&deg 55' 54'' S;12;2023;1;29;0.0
550001;Guardiamarina Zañartu, Pto Williams Ad.;54&deg 55' 54'' S;12;2023;1;30;0.0
550001;Guardiamarina Zañartu, Pto Williams Ad.;54&deg 55' 54'' S;12;2023;1;31;0.0
950001;C.M.A. Eduardo Frei Montalva, Antártica ;62&deg 11' 31'' S;45;2023;1;1;0.6
950001;C.M.A. Eduardo Frei Montalva, Antártica ;62&deg 11' 31'' S;45;2023;1;2;2.0
950001;C.M.A. Eduardo Frei Montalva, Antártica ;62&deg 11' 31'' S;45;2023;1;3;5.2
950001;C.M.A. Eduardo Frei Montalva, Antártica ;62&deg 11' 31'' S;45;2023;1;4;0.0
950001;C.M.A. Eduardo Frei Montalva, Antártica ;62&deg 11' 31'' S;45;2023;1;5;3.6
950001;C.M.A. Eduardo Frei Montalva, Antártica ;62&deg 11' 31'' S;45;2023;1;6;0.0
950001;C.M.A. Eduardo Frei Montalva, Antártica ;62&deg 11' 31'' S;45;2023;1;7;0.0
950001;C.M.A. Eduardo Frei Montalva, Antártica ;62&deg 11' 31'' S;45;2023;1;8;0.2
950001;C.M.A. Eduardo Frei Montalva, Antártica ;62&deg 11' 31'' S;45;2023;1;9;4.2
950001;C.M.A. Eduardo Frei Montalva, Antártica ;62&deg 11' 31'' S;45;2023;1;10;0.0
950001;C.M.A. Eduardo Frei Montalva, Antártica ;62&deg 11' 31'' S;45;2023;1;11;0.0
950001;C.M.A. Eduardo Frei Montalva, Antártica ;62&deg 11' 31'' S;45;2023;1;12;0.6
950001;C.M.A. Eduardo Frei Montalva, Antártica ;62&deg 11' 31'' S;45;2023;1;13;0.6
950001;C.M.A. Eduardo Frei Montalva, Antártica ;62&deg 11' 31'' S;45;2023;1;14;1.8
950001;C.M.A. Eduardo Frei Montalva, Antártica ;62&deg 11' 31'' S;45;2023;1;15;0.0
950001;C.M.A. Eduardo Frei Montalva, Antártica ;62&deg 11' 31'' S;45;2023;1;16;0.0
950001;C.M.A. Eduardo Frei Montalva, Antártica ;62&deg 11' 31'' S;45;2023;1;17;2.8
950001;C.M.A. Eduardo Frei Montalva, Antártica ;62&deg 11' 31'' S;45;2023;1;18;0.2
950001;C.M.A. Eduardo Frei Montalva, Antártica ;62&deg 11' 31'' S;45;2023;1;19;0.0
950001;C.M.A. Eduardo Frei Montalva, Antártica ;62&deg 11' 31'' S;45;2023;1;20;0.0
950001;C.M.A. Eduardo Frei Montalva, Antártica ;62&deg 11' 31'' S;45;2023;1;21;0.6
950001;C.M.A. Eduardo Frei Montalva, Antártica ;62&deg 11' 31'' S;45;2023;1;22;0.4
950001;C.M.A. Eduardo Frei Montalva, Antártica ;62&deg 11' 31'' S;45;2023;1;23;1.6
950001;C.M.A. Eduardo Frei Montalva, Antártica ;62&deg 11' 31'' S;45;2023;1;24;4.4
950001;C.M.A. Eduardo Frei Montalva, Antártica ;62&deg 11' 31'' S;45;2023;1;25;3.0
950001;C.M.A. Eduardo Frei Montalva, Antártica ;62&deg 11' 31'' S;45;2023;1;26;1.8
950001;C.M.A. Eduardo Frei Montalva, Antártica ;62&deg 11' 31'' S;45;2023;1;27;0.0
950001;C.M.A. Eduardo Frei Montalva, Antártica ;62&deg 11' 31'' S;45;2023;1;28;6.2
950001;C.M.A. Eduardo Frei Montalva, Antártica ;62&deg 11' 31'' S;45;2023;1;29;2.0
950001;C.M.A. Eduardo Frei Montalva, Antártica ;62&deg 11' 31'' S;45;2023;1;30;4.2
950001;C.M.A. Eduardo Frei Montalva, Antártica ;62&deg 11' 31'' S;45;2023;1;31;1.2
