ID;Lugar;Posicion;ID2;Anio;Mes;Dia;Tempmin;Tempmax
180005;Chacalluta, Arica Ap.;18&deg 21' 20'' S;50;2023;1;1;18.5;23.5
180005;Chacalluta, Arica Ap.;18&deg 21' 20'' S;50;2023;1;2;18.2;24.0
180005;Chacalluta, Arica Ap.;18&deg 21' 20'' S;50;2023;1;3;18.0;24.5
180005;Chacalluta, Arica Ap.;18&deg 21' 20'' S;50;2023;1;4;18.1;25.6
180005;Chacalluta, Arica Ap.;18&deg 21' 20'' S;50;2023;1;5;20.0;26.2
180005;Chacalluta, Arica Ap.;18&deg 21' 20'' S;50;2023;1;6;18.1;23.8
180005;Chacalluta, Arica Ap.;18&deg 21' 20'' S;50;2023;1;7;16.4;24.1
180005;Chacalluta, Arica Ap.;18&deg 21' 20'' S;50;2023;1;8;16.8;23.3
180005;Chacalluta, Arica Ap.;18&deg 21' 20'' S;50;2023;1;9;16.8;24.9
180005;Chacalluta, Arica Ap.;18&deg 21' 20'' S;50;2023;1;10;17.2;24.4
180005;Chacalluta, Arica Ap.;18&deg 21' 20'' S;50;2023;1;11;16.7;24.9
180005;Chacalluta, Arica Ap.;18&deg 21' 20'' S;50;2023;1;12;17.2;25.2
180005;Chacalluta, Arica Ap.;18&deg 21' 20'' S;50;2023;1;13;17.2;25.1
180005;Chacalluta, Arica Ap.;18&deg 21' 20'' S;50;2023;1;14;17.1;24.8
180005;Chacalluta, Arica Ap.;18&deg 21' 20'' S;50;2023;1;15;18.3;25.1
180005;Chacalluta, Arica Ap.;18&deg 21' 20'' S;50;2023;1;16;17.9;25.6
180005;Chacalluta, Arica Ap.;18&deg 21' 20'' S;50;2023;1;17;18.4;25.2
180005;Chacalluta, Arica Ap.;18&deg 21' 20'' S;50;2023;1;18;18.3;24.5
180005;Chacalluta, Arica Ap.;18&deg 21' 20'' S;50;2023;1;19;20.3;25.8
180005;Chacalluta, Arica Ap.;18&deg 21' 20'' S;50;2023;1;20;19.3;25.7
180005;Chacalluta, Arica Ap.;18&deg 21' 20'' S;50;2023;1;21;19.1;25.5
180005;Chacalluta, Arica Ap.;18&deg 21' 20'' S;50;2023;1;22;20.1;25.3
180005;Chacalluta, Arica Ap.;18&deg 21' 20'' S;50;2023;1;23;19.5;25.9
180005;Chacalluta, Arica Ap.;18&deg 21' 20'' S;50;2023;1;24;20.2;26.0
180005;Chacalluta, Arica Ap.;18&deg 21' 20'' S;50;2023;1;25;20.1;25.3
180005;Chacalluta, Arica Ap.;18&deg 21' 20'' S;50;2023;1;26;21.1;26.6
180005;Chacalluta, Arica Ap.;18&deg 21' 20'' S;50;2023;1;27;20.9;26.1
180005;Chacalluta, Arica Ap.;18&deg 21' 20'' S;50;2023;1;28;21.1;26.3
180005;Chacalluta, Arica Ap.;18&deg 21' 20'' S;50;2023;1;29;21.6;25.6
180005;Chacalluta, Arica Ap.;18&deg 21' 20'' S;50;2023;1;30;21.6;26.3
180005;Chacalluta, Arica Ap.;18&deg 21' 20'' S;50;2023;1;31;21.8;27.2
200006;Diego Aracena Iquique Ap.;20&deg 32' 57'' S;48;2023;1;1;17.1;24.3
200006;Diego Aracena Iquique Ap.;20&deg 32' 57'' S;48;2023;1;2;18.2;24.2
200006;Diego Aracena Iquique Ap.;20&deg 32' 57'' S;48;2023;1;3;17.9;23.8
200006;Diego Aracena Iquique Ap.;20&deg 32' 57'' S;48;2023;1;4;18.7;25.6
200006;Diego Aracena Iquique Ap.;20&deg 32' 57'' S;48;2023;1;5;18.2;26.7
200006;Diego Aracena Iquique Ap.;20&deg 32' 57'' S;48;2023;1;6;17.6;25.0
200006;Diego Aracena Iquique Ap.;20&deg 32' 57'' S;48;2023;1;7;17.2;23.9
200006;Diego Aracena Iquique Ap.;20&deg 32' 57'' S;48;2023;1;8;15.8;24.5
200006;Diego Aracena Iquique Ap.;20&deg 32' 57'' S;48;2023;1;9;17.7;25.5
200006;Diego Aracena Iquique Ap.;20&deg 32' 57'' S;48;2023;1;10;17.1;26.0
200006;Diego Aracena Iquique Ap.;20&deg 32' 57'' S;48;2023;1;11;16.4;24.1
200006;Diego Aracena Iquique Ap.;20&deg 32' 57'' S;48;2023;1;12;17.1;25.4
200006;Diego Aracena Iquique Ap.;20&deg 32' 57'' S;48;2023;1;13;17.4;25.0
200006;Diego Aracena Iquique Ap.;20&deg 32' 57'' S;48;2023;1;14;18.3;24.9
200006;Diego Aracena Iquique Ap.;20&deg 32' 57'' S;48;2023;1;15;17.0;24.7
200006;Diego Aracena Iquique Ap.;20&deg 32' 57'' S;48;2023;1;16;18.4;25.5
200006;Diego Aracena Iquique Ap.;20&deg 32' 57'' S;48;2023;1;17;19.5;24.9
200006;Diego Aracena Iquique Ap.;20&deg 32' 57'' S;48;2023;1;18;18.7;25.0
200006;Diego Aracena Iquique Ap.;20&deg 32' 57'' S;48;2023;1;19;18.8;25.9
200006;Diego Aracena Iquique Ap.;20&deg 32' 57'' S;48;2023;1;20;18.0;24.2
200006;Diego Aracena Iquique Ap.;20&deg 32' 57'' S;48;2023;1;21;18.3;26.7
200006;Diego Aracena Iquique Ap.;20&deg 32' 57'' S;48;2023;1;22;18.9;26.2
200006;Diego Aracena Iquique Ap.;20&deg 32' 57'' S;48;2023;1;23;19.6;26.5
200006;Diego Aracena Iquique Ap.;20&deg 32' 57'' S;48;2023;1;24;19.7;25.3
200006;Diego Aracena Iquique Ap.;20&deg 32' 57'' S;48;2023;1;25;19.3;26.7
200006;Diego Aracena Iquique Ap.;20&deg 32' 57'' S;48;2023;1;26;18.6;26.2
200006;Diego Aracena Iquique Ap.;20&deg 32' 57'' S;48;2023;1;27;20.4;27.5
200006;Diego Aracena Iquique Ap.;20&deg 32' 57'' S;48;2023;1;28;20.0;25.1
200006;Diego Aracena Iquique Ap.;20&deg 32' 57'' S;48;2023;1;29;19.5;26.2
200006;Diego Aracena Iquique Ap.;20&deg 32' 57'' S;48;2023;1;30;20.6;26.2
200006;Diego Aracena Iquique Ap.;20&deg 32' 57'' S;48;2023;1;31;20.9;26.6
220002;El Loa, Calama Ad.;22&deg 29' 53'' S;2321;2023;1;1;4.7;23.9
220002;El Loa, Calama Ad.;22&deg 29' 53'' S;2321;2023;1;2;3.8;23.0
220002;El Loa, Calama Ad.;22&deg 29' 53'' S;2321;2023;1;3;5.1;23.7
220002;El Loa, Calama Ad.;22&deg 29' 53'' S;2321;2023;1;4;6.3;23.6
220002;El Loa, Calama Ad.;22&deg 29' 53'' S;2321;2023;1;5;6.5;22.0
220002;El Loa, Calama Ad.;22&deg 29' 53'' S;2321;2023;1;6;6.3;24.5
220002;El Loa, Calama Ad.;22&deg 29' 53'' S;2321;2023;1;7;5.8;25.0
220002;El Loa, Calama Ad.;22&deg 29' 53'' S;2321;2023;1;8;4.7;25.4
220002;El Loa, Calama Ad.;22&deg 29' 53'' S;2321;2023;1;9;4.6;24.8
220002;El Loa, Calama Ad.;22&deg 29' 53'' S;2321;2023;1;10;4.8;24.6
220002;El Loa, Calama Ad.;22&deg 29' 53'' S;2321;2023;1;11;5.0;25.0
220002;El Loa, Calama Ad.;22&deg 29' 53'' S;2321;2023;1;12;3.9;23.6
220002;El Loa, Calama Ad.;22&deg 29' 53'' S;2321;2023;1;13;3.8;23.0
220002;El Loa, Calama Ad.;22&deg 29' 53'' S;2321;2023;1;14;4.6;24.9
220002;El Loa, Calama Ad.;22&deg 29' 53'' S;2321;2023;1;15;4.6;25.1
220002;El Loa, Calama Ad.;22&deg 29' 53'' S;2321;2023;1;16;4.3;23.3
220002;El Loa, Calama Ad.;22&deg 29' 53'' S;2321;2023;1;17;5.1;23.8
220002;El Loa, Calama Ad.;22&deg 29' 53'' S;2321;2023;1;18;4.7;26.0
220002;El Loa, Calama Ad.;22&deg 29' 53'' S;2321;2023;1;19;6.6;26.5
220002;El Loa, Calama Ad.;22&deg 29' 53'' S;2321;2023;1;20;6.7;24.9
220002;El Loa, Calama Ad.;22&deg 29' 53'' S;2321;2023;1;21;5.5;23.1
220002;El Loa, Calama Ad.;22&deg 29' 53'' S;2321;2023;1;22;6.3;23.3
220002;El Loa, Calama Ad.;22&deg 29' 53'' S;2321;2023;1;23;7.2;24.3
220002;El Loa, Calama Ad.;22&deg 29' 53'' S;2321;2023;1;24;8.0;25.9
220002;El Loa, Calama Ad.;22&deg 29' 53'' S;2321;2023;1;25;9.4;25.3
220002;El Loa, Calama Ad.;22&deg 29' 53'' S;2321;2023;1;26;7.4;24.9
220002;El Loa, Calama Ad.;22&deg 29' 53'' S;2321;2023;1;27;8.2;24.7
220002;El Loa, Calama Ad.;22&deg 29' 53'' S;2321;2023;1;28;8.9;26.3
220002;El Loa, Calama Ad.;22&deg 29' 53'' S;2321;2023;1;29;7.3;23.7
220002;El Loa, Calama Ad.;22&deg 29' 53'' S;2321;2023;1;30;9.0;23.4
220002;El Loa, Calama Ad.;22&deg 29' 53'' S;2321;2023;1;31;11.2;22.2
230001;Cerro Moreno  Antofagasta  Ap.;23&deg 27' 13'' S;112;2023;1;1;16.1;21.0
230001;Cerro Moreno  Antofagasta  Ap.;23&deg 27' 13'' S;112;2023;1;2;15.9;21.1
230001;Cerro Moreno  Antofagasta  Ap.;23&deg 27' 13'' S;112;2023;1;3;16.1;20.8
230001;Cerro Moreno  Antofagasta  Ap.;23&deg 27' 13'' S;112;2023;1;4;15.8;22.1
230001;Cerro Moreno  Antofagasta  Ap.;23&deg 27' 13'' S;112;2023;1;5;16.7;23.3
230001;Cerro Moreno  Antofagasta  Ap.;23&deg 27' 13'' S;112;2023;1;6;16.1;22.4
230001;Cerro Moreno  Antofagasta  Ap.;23&deg 27' 13'' S;112;2023;1;7;16.3;21.4
230001;Cerro Moreno  Antofagasta  Ap.;23&deg 27' 13'' S;112;2023;1;8;15.2;22.2
230001;Cerro Moreno  Antofagasta  Ap.;23&deg 27' 13'' S;112;2023;1;9;17.1;23.3
230001;Cerro Moreno  Antofagasta  Ap.;23&deg 27' 13'' S;112;2023;1;10;16.4;22.7
230001;Cerro Moreno  Antofagasta  Ap.;23&deg 27' 13'' S;112;2023;1;11;17.5;22.2
230001;Cerro Moreno  Antofagasta  Ap.;23&deg 27' 13'' S;112;2023;1;12;16.5;23.1
230001;Cerro Moreno  Antofagasta  Ap.;23&deg 27' 13'' S;112;2023;1;13;16.2;22.4
230001;Cerro Moreno  Antofagasta  Ap.;23&deg 27' 13'' S;112;2023;1;14;16.5;21.8
230001;Cerro Moreno  Antofagasta  Ap.;23&deg 27' 13'' S;112;2023;1;15;17.8;22.9
230001;Cerro Moreno  Antofagasta  Ap.;23&deg 27' 13'' S;112;2023;1;16;16.8;23.0
230001;Cerro Moreno  Antofagasta  Ap.;23&deg 27' 13'' S;112;2023;1;17;16.8;23.5
230001;Cerro Moreno  Antofagasta  Ap.;23&deg 27' 13'' S;112;2023;1;18;17.1;22.1
230001;Cerro Moreno  Antofagasta  Ap.;23&deg 27' 13'' S;112;2023;1;19;17.7;23.0
230001;Cerro Moreno  Antofagasta  Ap.;23&deg 27' 13'' S;112;2023;1;20;17.0;22.0
230001;Cerro Moreno  Antofagasta  Ap.;23&deg 27' 13'' S;112;2023;1;21;17.8;23.1
230001;Cerro Moreno  Antofagasta  Ap.;23&deg 27' 13'' S;112;2023;1;22;16.8;22.6
230001;Cerro Moreno  Antofagasta  Ap.;23&deg 27' 13'' S;112;2023;1;23;17.0;23.6
230001;Cerro Moreno  Antofagasta  Ap.;23&deg 27' 13'' S;112;2023;1;24;17.8;22.9
230001;Cerro Moreno  Antofagasta  Ap.;23&deg 27' 13'' S;112;2023;1;25;17.7;23.3
230001;Cerro Moreno  Antofagasta  Ap.;23&deg 27' 13'' S;112;2023;1;26;18.7;23.2
230001;Cerro Moreno  Antofagasta  Ap.;23&deg 27' 13'' S;112;2023;1;27;17.5;23.0
230001;Cerro Moreno  Antofagasta  Ap.;23&deg 27' 13'' S;112;2023;1;28;17.1;22.2
230001;Cerro Moreno  Antofagasta  Ap.;23&deg 27' 13'' S;112;2023;1;29;18.6;22.3
230001;Cerro Moreno  Antofagasta  Ap.;23&deg 27' 13'' S;112;2023;1;30;19.2;21.8
230001;Cerro Moreno  Antofagasta  Ap.;23&deg 27' 13'' S;112;2023;1;31;18.0;23.3
270001;Mataveri  Isla de Pascua Ap.;27&deg 9' 32'' S;44;2023;1;1;20.6;27.1
270001;Mataveri  Isla de Pascua Ap.;27&deg 9' 32'' S;44;2023;1;2;20.4;27.0
270001;Mataveri  Isla de Pascua Ap.;27&deg 9' 32'' S;44;2023;1;3;20.1;27.0
270001;Mataveri  Isla de Pascua Ap.;27&deg 9' 32'' S;44;2023;1;4;20.5;27.1
270001;Mataveri  Isla de Pascua Ap.;27&deg 9' 32'' S;44;2023;1;5;16.9;26.6
270001;Mataveri  Isla de Pascua Ap.;27&deg 9' 32'' S;44;2023;1;6;16.7;27.7
270001;Mataveri  Isla de Pascua Ap.;27&deg 9' 32'' S;44;2023;1;7;22.1;27.6
270001;Mataveri  Isla de Pascua Ap.;27&deg 9' 32'' S;44;2023;1;8;22.8;27.7
270001;Mataveri  Isla de Pascua Ap.;27&deg 9' 32'' S;44;2023;1;9;22.7;27.7
270001;Mataveri  Isla de Pascua Ap.;27&deg 9' 32'' S;44;2023;1;10;21.4;26.8
270001;Mataveri  Isla de Pascua Ap.;27&deg 9' 32'' S;44;2023;1;11;19.2;27.0
270001;Mataveri  Isla de Pascua Ap.;27&deg 9' 32'' S;44;2023;1;12;19.9;27.2
270001;Mataveri  Isla de Pascua Ap.;27&deg 9' 32'' S;44;2023;1;13;19.1;28.0
270001;Mataveri  Isla de Pascua Ap.;27&deg 9' 32'' S;44;2023;1;14;20.7;27.7
270001;Mataveri  Isla de Pascua Ap.;27&deg 9' 32'' S;44;2023;1;15;22.3;28.0
270001;Mataveri  Isla de Pascua Ap.;27&deg 9' 32'' S;44;2023;1;16;16.9;27.4
270001;Mataveri  Isla de Pascua Ap.;27&deg 9' 32'' S;44;2023;1;17;19.0;27.3
270001;Mataveri  Isla de Pascua Ap.;27&deg 9' 32'' S;44;2023;1;18;18.5;27.5
270001;Mataveri  Isla de Pascua Ap.;27&deg 9' 32'' S;44;2023;1;19;18.2;27.9
270001;Mataveri  Isla de Pascua Ap.;27&deg 9' 32'' S;44;2023;1;20;18.8;27.9
270001;Mataveri  Isla de Pascua Ap.;27&deg 9' 32'' S;44;2023;1;21;18.3;28.1
270001;Mataveri  Isla de Pascua Ap.;27&deg 9' 32'' S;44;2023;1;22;18.7;28.8
270001;Mataveri  Isla de Pascua Ap.;27&deg 9' 32'' S;44;2023;1;23;20.0;26.0
270001;Mataveri  Isla de Pascua Ap.;27&deg 9' 32'' S;44;2023;1;24;20.8;27.7
270001;Mataveri  Isla de Pascua Ap.;27&deg 9' 32'' S;44;2023;1;25;21.4;27.2
270001;Mataveri  Isla de Pascua Ap.;27&deg 9' 32'' S;44;2023;1;26;18.9;27.2
270001;Mataveri  Isla de Pascua Ap.;27&deg 9' 32'' S;44;2023;1;27;20.0;28.1
270001;Mataveri  Isla de Pascua Ap.;27&deg 9' 32'' S;44;2023;1;28;22.5;27.5
270001;Mataveri  Isla de Pascua Ap.;27&deg 9' 32'' S;44;2023;1;29;23.0;28.1
270001;Mataveri  Isla de Pascua Ap.;27&deg 9' 32'' S;44;2023;1;30;20.2;27.6
270001;Mataveri  Isla de Pascua Ap.;27&deg 9' 32'' S;44;2023;1;31;22.6;28.1
270008;Desierto de Atacama, Caldera  Ad.;27&deg 15' 16'' S;197;2023;1;1;12.5;25.6
270008;Desierto de Atacama, Caldera  Ad.;27&deg 15' 16'' S;197;2023;1;2;16.1;23.0
270008;Desierto de Atacama, Caldera  Ad.;27&deg 15' 16'' S;197;2023;1;3;14.8;22.3
270008;Desierto de Atacama, Caldera  Ad.;27&deg 15' 16'' S;197;2023;1;4;15.6;23.5
270008;Desierto de Atacama, Caldera  Ad.;27&deg 15' 16'' S;197;2023;1;5;14.6;25.7
270008;Desierto de Atacama, Caldera  Ad.;27&deg 15' 16'' S;197;2023;1;6;14.8;25.2
270008;Desierto de Atacama, Caldera  Ad.;27&deg 15' 16'' S;197;2023;1;7;13.4;25.9
270008;Desierto de Atacama, Caldera  Ad.;27&deg 15' 16'' S;197;2023;1;8;14.3;24.5
270008;Desierto de Atacama, Caldera  Ad.;27&deg 15' 16'' S;197;2023;1;9;16.6;24.4
270008;Desierto de Atacama, Caldera  Ad.;27&deg 15' 16'' S;197;2023;1;10;13.9;23.9
270008;Desierto de Atacama, Caldera  Ad.;27&deg 15' 16'' S;197;2023;1;11;15.1;23.6
270008;Desierto de Atacama, Caldera  Ad.;27&deg 15' 16'' S;197;2023;1;12;15.8;21.1
270008;Desierto de Atacama, Caldera  Ad.;27&deg 15' 16'' S;197;2023;1;13;13.1;20.0
270008;Desierto de Atacama, Caldera  Ad.;27&deg 15' 16'' S;197;2023;1;14;14.7;22.4
270008;Desierto de Atacama, Caldera  Ad.;27&deg 15' 16'' S;197;2023;1;15;14.5;22.4
270008;Desierto de Atacama, Caldera  Ad.;27&deg 15' 16'' S;197;2023;1;16;15.7;25.2
270008;Desierto de Atacama, Caldera  Ad.;27&deg 15' 16'' S;197;2023;1;17;13.4;25.8
270008;Desierto de Atacama, Caldera  Ad.;27&deg 15' 16'' S;197;2023;1;18;14.6;23.8
270008;Desierto de Atacama, Caldera  Ad.;27&deg 15' 16'' S;197;2023;1;19;16.0;23.8
270008;Desierto de Atacama, Caldera  Ad.;27&deg 15' 16'' S;197;2023;1;20;15.3;23.1
270008;Desierto de Atacama, Caldera  Ad.;27&deg 15' 16'' S;197;2023;1;21;14.8;22.9
270008;Desierto de Atacama, Caldera  Ad.;27&deg 15' 16'' S;197;2023;1;22;12.4;23.3
270008;Desierto de Atacama, Caldera  Ad.;27&deg 15' 16'' S;197;2023;1;23;15.6;24.2
270008;Desierto de Atacama, Caldera  Ad.;27&deg 15' 16'' S;197;2023;1;24;14.2;24.2
270008;Desierto de Atacama, Caldera  Ad.;27&deg 15' 16'' S;197;2023;1;25;16.0;24.3
270008;Desierto de Atacama, Caldera  Ad.;27&deg 15' 16'' S;197;2023;1;26;15.5;22.0
270008;Desierto de Atacama, Caldera  Ad.;27&deg 15' 16'' S;197;2023;1;27;14.7;22.9
270008;Desierto de Atacama, Caldera  Ad.;27&deg 15' 16'' S;197;2023;1;28;15.6;23.7
270008;Desierto de Atacama, Caldera  Ad.;27&deg 15' 16'' S;197;2023;1;29;15.4;23.0
270008;Desierto de Atacama, Caldera  Ad.;27&deg 15' 16'' S;197;2023;1;30;14.6;23.0
270008;Desierto de Atacama, Caldera  Ad.;27&deg 15' 16'' S;197;2023;1;31;13.9;25.7
290004;La Florida, La Serena Ad.;29&deg 54' 52'' S;137;2023;1;1;13.1;23.6
290004;La Florida, La Serena Ad.;29&deg 54' 52'' S;137;2023;1;2;13.2;20.5
290004;La Florida, La Serena Ad.;29&deg 54' 52'' S;137;2023;1;3;13.2;20.8
290004;La Florida, La Serena Ad.;29&deg 54' 52'' S;137;2023;1;4;14.6;21.1
290004;La Florida, La Serena Ad.;29&deg 54' 52'' S;137;2023;1;5;16.0;21.5
290004;La Florida, La Serena Ad.;29&deg 54' 52'' S;137;2023;1;6;14.3;22.7
290004;La Florida, La Serena Ad.;29&deg 54' 52'' S;137;2023;1;7;15.0;22.6
290004;La Florida, La Serena Ad.;29&deg 54' 52'' S;137;2023;1;8;14.8;21.8
290004;La Florida, La Serena Ad.;29&deg 54' 52'' S;137;2023;1;9;14.6;22.5
290004;La Florida, La Serena Ad.;29&deg 54' 52'' S;137;2023;1;10;13.8;22.0
290004;La Florida, La Serena Ad.;29&deg 54' 52'' S;137;2023;1;11;14.4;22.2
290004;La Florida, La Serena Ad.;29&deg 54' 52'' S;137;2023;1;12;15.4;21.2
290004;La Florida, La Serena Ad.;29&deg 54' 52'' S;137;2023;1;13;13.3;20.6
290004;La Florida, La Serena Ad.;29&deg 54' 52'' S;137;2023;1;14;15.0;21.1
290004;La Florida, La Serena Ad.;29&deg 54' 52'' S;137;2023;1;15;13.3;20.4
290004;La Florida, La Serena Ad.;29&deg 54' 52'' S;137;2023;1;16;13.9;21.0
290004;La Florida, La Serena Ad.;29&deg 54' 52'' S;137;2023;1;17;13.9;22.3
290004;La Florida, La Serena Ad.;29&deg 54' 52'' S;137;2023;1;18;13.9;20.4
290004;La Florida, La Serena Ad.;29&deg 54' 52'' S;137;2023;1;19;15.6;21.9
290004;La Florida, La Serena Ad.;29&deg 54' 52'' S;137;2023;1;20;13.1;21.9
290004;La Florida, La Serena Ad.;29&deg 54' 52'' S;137;2023;1;21;13.8;20.9
290004;La Florida, La Serena Ad.;29&deg 54' 52'' S;137;2023;1;22;16.5;21.8
290004;La Florida, La Serena Ad.;29&deg 54' 52'' S;137;2023;1;23;14.9;21.7
290004;La Florida, La Serena Ad.;29&deg 54' 52'' S;137;2023;1;24;15.8;22.3
290004;La Florida, La Serena Ad.;29&deg 54' 52'' S;137;2023;1;25;15.3;21.2
290004;La Florida, La Serena Ad.;29&deg 54' 52'' S;137;2023;1;26;14.6;20.8
290004;La Florida, La Serena Ad.;29&deg 54' 52'' S;137;2023;1;27;13.0;21.2
290004;La Florida, La Serena Ad.;29&deg 54' 52'' S;137;2023;1;28;13.4;21.0
290004;La Florida, La Serena Ad.;29&deg 54' 52'' S;137;2023;1;29;14.2;19.6
290004;La Florida, La Serena Ad.;29&deg 54' 52'' S;137;2023;1;30;13.8;21.1
290004;La Florida, La Serena Ad.;29&deg 54' 52'' S;137;2023;1;31;15.8;22.5
330007;Rodelillo, Ad.;33&deg 3' 55'' S;330;2023;1;1;13.0;27.3
330007;Rodelillo, Ad.;33&deg 3' 55'' S;330;2023;1;2;10.7;26.4
330007;Rodelillo, Ad.;33&deg 3' 55'' S;330;2023;1;3;10.5;30.0
330007;Rodelillo, Ad.;33&deg 3' 55'' S;330;2023;1;4;12.8;18.8
330007;Rodelillo, Ad.;33&deg 3' 55'' S;330;2023;1;5;13.7;20.2
330007;Rodelillo, Ad.;33&deg 3' 55'' S;330;2023;1;6;12.6;22.0
330007;Rodelillo, Ad.;33&deg 3' 55'' S;330;2023;1;7;13.1;24.2
330007;Rodelillo, Ad.;33&deg 3' 55'' S;330;2023;1;8;13.8;23.6
330007;Rodelillo, Ad.;33&deg 3' 55'' S;330;2023;1;9;14.1;19.4
330007;Rodelillo, Ad.;33&deg 3' 55'' S;330;2023;1;10;14.9;25.2
330007;Rodelillo, Ad.;33&deg 3' 55'' S;330;2023;1;11;13.5;28.5
330007;Rodelillo, Ad.;33&deg 3' 55'' S;330;2023;1;12;10.2;26.3
330007;Rodelillo, Ad.;33&deg 3' 55'' S;330;2023;1;13;9.4;24.7
330007;Rodelillo, Ad.;33&deg 3' 55'' S;330;2023;1;14;9.3;22.8
330007;Rodelillo, Ad.;33&deg 3' 55'' S;330;2023;1;15;10.1;24.2
330007;Rodelillo, Ad.;33&deg 3' 55'' S;330;2023;1;16;11.0;20.3
330007;Rodelillo, Ad.;33&deg 3' 55'' S;330;2023;1;17;10.4;22.0
330007;Rodelillo, Ad.;33&deg 3' 55'' S;330;2023;1;18;10.3;21.6
330007;Rodelillo, Ad.;33&deg 3' 55'' S;330;2023;1;19;12.5;18.4
330007;Rodelillo, Ad.;33&deg 3' 55'' S;330;2023;1;20;14.7;23.3
330007;Rodelillo, Ad.;33&deg 3' 55'' S;330;2023;1;21;11.6;25.2
330007;Rodelillo, Ad.;33&deg 3' 55'' S;330;2023;1;22;11.1;19.9
330007;Rodelillo, Ad.;33&deg 3' 55'' S;330;2023;1;23;13.2;20.8
330007;Rodelillo, Ad.;33&deg 3' 55'' S;330;2023;1;24;11.8;29.6
330007;Rodelillo, Ad.;33&deg 3' 55'' S;330;2023;1;25;12.2;25.7
330007;Rodelillo, Ad.;33&deg 3' 55'' S;330;2023;1;26;11.2;24.1
330007;Rodelillo, Ad.;33&deg 3' 55'' S;330;2023;1;27;11.1;27.9
330007;Rodelillo, Ad.;33&deg 3' 55'' S;330;2023;1;28;12.3;27.3
330007;Rodelillo, Ad.;33&deg 3' 55'' S;330;2023;1;29;12.0;20.3
330007;Rodelillo, Ad.;33&deg 3' 55'' S;330;2023;1;30;12.6;20.8
330007;Rodelillo, Ad.;33&deg 3' 55'' S;330;2023;1;31;13.2;21.0
330019;Eulogio Sánchez, Tobalaba Ad.;33&deg 27' 19'' S;650;2023;1;1;12.2;29.4
330019;Eulogio Sánchez, Tobalaba Ad.;33&deg 27' 19'' S;650;2023;1;2;14.7;29.0
330019;Eulogio Sánchez, Tobalaba Ad.;33&deg 27' 19'' S;650;2023;1;3;13.5;31.0
330019;Eulogio Sánchez, Tobalaba Ad.;33&deg 27' 19'' S;650;2023;1;4;16.0;33.3
330019;Eulogio Sánchez, Tobalaba Ad.;33&deg 27' 19'' S;650;2023;1;5;14.3;29.0
330019;Eulogio Sánchez, Tobalaba Ad.;33&deg 27' 19'' S;650;2023;1;6;15.3;30.4
330019;Eulogio Sánchez, Tobalaba Ad.;33&deg 27' 19'' S;650;2023;1;7;15.6;30.9
330019;Eulogio Sánchez, Tobalaba Ad.;33&deg 27' 19'' S;650;2023;1;8;16.8;31.3
330019;Eulogio Sánchez, Tobalaba Ad.;33&deg 27' 19'' S;650;2023;1;9;15.3;29.3
330019;Eulogio Sánchez, Tobalaba Ad.;33&deg 27' 19'' S;650;2023;1;10;14.4;28.6
330019;Eulogio Sánchez, Tobalaba Ad.;33&deg 27' 19'' S;650;2023;1;11;15.8;32.0
330019;Eulogio Sánchez, Tobalaba Ad.;33&deg 27' 19'' S;650;2023;1;12;17.8;28.9
330019;Eulogio Sánchez, Tobalaba Ad.;33&deg 27' 19'' S;650;2023;1;13;12.8;30.8
330019;Eulogio Sánchez, Tobalaba Ad.;33&deg 27' 19'' S;650;2023;1;14;14.0;28.4
330019;Eulogio Sánchez, Tobalaba Ad.;33&deg 27' 19'' S;650;2023;1;15;13.1;31.5
330019;Eulogio Sánchez, Tobalaba Ad.;33&deg 27' 19'' S;650;2023;1;16;15.1;29.5
330019;Eulogio Sánchez, Tobalaba Ad.;33&deg 27' 19'' S;650;2023;1;17;13.0;28.6
330019;Eulogio Sánchez, Tobalaba Ad.;33&deg 27' 19'' S;650;2023;1;18;14.4;31.6
330019;Eulogio Sánchez, Tobalaba Ad.;33&deg 27' 19'' S;650;2023;1;19;15.1;24.9
330019;Eulogio Sánchez, Tobalaba Ad.;33&deg 27' 19'' S;650;2023;1;20;13.9;28.6
330019;Eulogio Sánchez, Tobalaba Ad.;33&deg 27' 19'' S;650;2023;1;21;13.8;30.8
330019;Eulogio Sánchez, Tobalaba Ad.;33&deg 27' 19'' S;650;2023;1;22;14.9;32.7
330019;Eulogio Sánchez, Tobalaba Ad.;33&deg 27' 19'' S;650;2023;1;23;15.9;32.1
330019;Eulogio Sánchez, Tobalaba Ad.;33&deg 27' 19'' S;650;2023;1;24;15.2;31.6
330019;Eulogio Sánchez, Tobalaba Ad.;33&deg 27' 19'' S;650;2023;1;25;16.5;31.6
330019;Eulogio Sánchez, Tobalaba Ad.;33&deg 27' 19'' S;650;2023;1;26;14.4;29.6
330019;Eulogio Sánchez, Tobalaba Ad.;33&deg 27' 19'' S;650;2023;1;27;13.8;32.2
330019;Eulogio Sánchez, Tobalaba Ad.;33&deg 27' 19'' S;650;2023;1;28;15.2;34.1
330019;Eulogio Sánchez, Tobalaba Ad.;33&deg 27' 19'' S;650;2023;1;29;16.3;32.7
330019;Eulogio Sánchez, Tobalaba Ad.;33&deg 27' 19'' S;650;2023;1;30;15.3;31.7
330019;Eulogio Sánchez, Tobalaba Ad.;33&deg 27' 19'' S;650;2023;1;31;17.1;30.5
330020;Quinta Normal, Santiago;33&deg 26' 42'' S;520;2023;1;1;13.0;30.2
330020;Quinta Normal, Santiago;33&deg 26' 42'' S;520;2023;1;2;13.2;29.5
330020;Quinta Normal, Santiago;33&deg 26' 42'' S;520;2023;1;3;12.8;32.0
330020;Quinta Normal, Santiago;33&deg 26' 42'' S;520;2023;1;4;14.2;33.2
330020;Quinta Normal, Santiago;33&deg 26' 42'' S;520;2023;1;5;13.5;29.1
330020;Quinta Normal, Santiago;33&deg 26' 42'' S;520;2023;1;6;14.2;31.2
330020;Quinta Normal, Santiago;33&deg 26' 42'' S;520;2023;1;7;14.7;31.7
330020;Quinta Normal, Santiago;33&deg 26' 42'' S;520;2023;1;8;15.4;31.4
330020;Quinta Normal, Santiago;33&deg 26' 42'' S;520;2023;1;9;14.1;29.9
330020;Quinta Normal, Santiago;33&deg 26' 42'' S;520;2023;1;10;14.1;29.2
330020;Quinta Normal, Santiago;33&deg 26' 42'' S;520;2023;1;11;15.3;32.8
330020;Quinta Normal, Santiago;33&deg 26' 42'' S;520;2023;1;12;16.5;29.8
330020;Quinta Normal, Santiago;33&deg 26' 42'' S;520;2023;1;13;10.4;31.2
330020;Quinta Normal, Santiago;33&deg 26' 42'' S;520;2023;1;14;12.7;28.5
330020;Quinta Normal, Santiago;33&deg 26' 42'' S;520;2023;1;15;11.2;32.0
330020;Quinta Normal, Santiago;33&deg 26' 42'' S;520;2023;1;16;13.3;29.3
330020;Quinta Normal, Santiago;33&deg 26' 42'' S;520;2023;1;17;11.4;28.5
330020;Quinta Normal, Santiago;33&deg 26' 42'' S;520;2023;1;18;12.3;31.4
330020;Quinta Normal, Santiago;33&deg 26' 42'' S;520;2023;1;19;13.3;23.8
330020;Quinta Normal, Santiago;33&deg 26' 42'' S;520;2023;1;20;13.7;28.5
330020;Quinta Normal, Santiago;33&deg 26' 42'' S;520;2023;1;21;11.7;31.2
330020;Quinta Normal, Santiago;33&deg 26' 42'' S;520;2023;1;22;13.0;33.0
330020;Quinta Normal, Santiago;33&deg 26' 42'' S;520;2023;1;23;13.7;32.5
330020;Quinta Normal, Santiago;33&deg 26' 42'' S;520;2023;1;24;14.3;32.1
330020;Quinta Normal, Santiago;33&deg 26' 42'' S;520;2023;1;25;15.2;31.6
330020;Quinta Normal, Santiago;33&deg 26' 42'' S;520;2023;1;26;13.6;29.4
330020;Quinta Normal, Santiago;33&deg 26' 42'' S;520;2023;1;27;11.5;32.9
330020;Quinta Normal, Santiago;33&deg 26' 42'' S;520;2023;1;28;13.7;34.4
330020;Quinta Normal, Santiago;33&deg 26' 42'' S;520;2023;1;29;14.4;32.8
330020;Quinta Normal, Santiago;33&deg 26' 42'' S;520;2023;1;30;13.5;31.8
330020;Quinta Normal, Santiago;33&deg 26' 42'' S;520;2023;1;31;15.0;30.8
330021;Pudahuel Santiago ;33&deg 22' 42'' S;482;2023;1;1;14.1;30.1
330021;Pudahuel Santiago ;33&deg 22' 42'' S;482;2023;1;2;14.4;29.3
330021;Pudahuel Santiago ;33&deg 22' 42'' S;482;2023;1;3;13.4;31.4
330021;Pudahuel Santiago ;33&deg 22' 42'' S;482;2023;1;4;15.9;33.6
330021;Pudahuel Santiago ;33&deg 22' 42'' S;482;2023;1;5;13.7;29.3
330021;Pudahuel Santiago ;33&deg 22' 42'' S;482;2023;1;6;14.6;30.7
330021;Pudahuel Santiago ;33&deg 22' 42'' S;482;2023;1;7;15.7;31.7
330021;Pudahuel Santiago ;33&deg 22' 42'' S;482;2023;1;8;16.7;31.5
330021;Pudahuel Santiago ;33&deg 22' 42'' S;482;2023;1;9;13.7;29.3
330021;Pudahuel Santiago ;33&deg 22' 42'' S;482;2023;1;10;14.2;29.3
330021;Pudahuel Santiago ;33&deg 22' 42'' S;482;2023;1;11;16.3;32.2
330021;Pudahuel Santiago ;33&deg 22' 42'' S;482;2023;1;12;16.0;29.6
330021;Pudahuel Santiago ;33&deg 22' 42'' S;482;2023;1;13;11.5;31.1
330021;Pudahuel Santiago ;33&deg 22' 42'' S;482;2023;1;14;13.2;28.4
330021;Pudahuel Santiago ;33&deg 22' 42'' S;482;2023;1;15;11.1;31.6
330021;Pudahuel Santiago ;33&deg 22' 42'' S;482;2023;1;16;14.2;29.5
330021;Pudahuel Santiago ;33&deg 22' 42'' S;482;2023;1;17;11.5;29.1
330021;Pudahuel Santiago ;33&deg 22' 42'' S;482;2023;1;18;12.2;32.1
330021;Pudahuel Santiago ;33&deg 22' 42'' S;482;2023;1;19;12.7;24.5
330021;Pudahuel Santiago ;33&deg 22' 42'' S;482;2023;1;20;14.1;28.8
330021;Pudahuel Santiago ;33&deg 22' 42'' S;482;2023;1;21;13.0;31.0
330021;Pudahuel Santiago ;33&deg 22' 42'' S;482;2023;1;22;13.6;32.7
330021;Pudahuel Santiago ;33&deg 22' 42'' S;482;2023;1;23;14.5;32.6
330021;Pudahuel Santiago ;33&deg 22' 42'' S;482;2023;1;24;14.1;31.7
330021;Pudahuel Santiago ;33&deg 22' 42'' S;482;2023;1;25;16.5;31.7
330021;Pudahuel Santiago ;33&deg 22' 42'' S;482;2023;1;26;14.2;29.3
330021;Pudahuel Santiago ;33&deg 22' 42'' S;482;2023;1;27;11.6;32.8
330021;Pudahuel Santiago ;33&deg 22' 42'' S;482;2023;1;28;13.4;35.4
330021;Pudahuel Santiago ;33&deg 22' 42'' S;482;2023;1;29;14.6;32.9
330021;Pudahuel Santiago ;33&deg 22' 42'' S;482;2023;1;30;13.0;31.8
330021;Pudahuel Santiago ;33&deg 22' 42'' S;482;2023;1;31;15.2;30.5
330030;Santo Domingo, Ad.;33&deg 39' 22'' S;77;2023;1;1;11.1;20.9
330030;Santo Domingo, Ad.;33&deg 39' 22'' S;77;2023;1;2;9.1;18.5
330030;Santo Domingo, Ad.;33&deg 39' 22'' S;77;2023;1;3;8.8;21.2
330030;Santo Domingo, Ad.;33&deg 39' 22'' S;77;2023;1;4;9.3;20.1
330030;Santo Domingo, Ad.;33&deg 39' 22'' S;77;2023;1;5;16.5;20.9
330030;Santo Domingo, Ad.;33&deg 39' 22'' S;77;2023;1;6;11.4;21.1
330030;Santo Domingo, Ad.;33&deg 39' 22'' S;77;2023;1;7;12.1;20.5
330030;Santo Domingo, Ad.;33&deg 39' 22'' S;77;2023;1;8;12.4;19.9
330030;Santo Domingo, Ad.;33&deg 39' 22'' S;77;2023;1;9;15.3;19.6
330030;Santo Domingo, Ad.;33&deg 39' 22'' S;77;2023;1;10;13.1;21.2
330030;Santo Domingo, Ad.;33&deg 39' 22'' S;77;2023;1;11;10.8;21.0
330030;Santo Domingo, Ad.;33&deg 39' 22'' S;77;2023;1;12;12.8;18.6
330030;Santo Domingo, Ad.;33&deg 39' 22'' S;77;2023;1;13;13.0;17.6
330030;Santo Domingo, Ad.;33&deg 39' 22'' S;77;2023;1;14;12.8;17.8
330030;Santo Domingo, Ad.;33&deg 39' 22'' S;77;2023;1;15;12.1;17.8
330030;Santo Domingo, Ad.;33&deg 39' 22'' S;77;2023;1;16;13.0;18.9
330030;Santo Domingo, Ad.;33&deg 39' 22'' S;77;2023;1;17;13.2;17.9
330030;Santo Domingo, Ad.;33&deg 39' 22'' S;77;2023;1;18;8.3;18.7
330030;Santo Domingo, Ad.;33&deg 39' 22'' S;77;2023;1;19;13.5;18.8
330030;Santo Domingo, Ad.;33&deg 39' 22'' S;77;2023;1;20;15.6;21.6
330030;Santo Domingo, Ad.;33&deg 39' 22'' S;77;2023;1;21;9.4;19.0
330030;Santo Domingo, Ad.;33&deg 39' 22'' S;77;2023;1;22;13.0;18.8
330030;Santo Domingo, Ad.;33&deg 39' 22'' S;77;2023;1;23;14.9;19.4
330030;Santo Domingo, Ad.;33&deg 39' 22'' S;77;2023;1;24;13.7;21.5
330030;Santo Domingo, Ad.;33&deg 39' 22'' S;77;2023;1;25;12.8;19.1
330030;Santo Domingo, Ad.;33&deg 39' 22'' S;77;2023;1;26;10.2;
330030;Santo Domingo, Ad.;33&deg 39' 22'' S;77;2023;1;27;10.3;20.6
330030;Santo Domingo, Ad.;33&deg 39' 22'' S;77;2023;1;28;8.6;19.5
330030;Santo Domingo, Ad.;33&deg 39' 22'' S;77;2023;1;29;12.7;17.4
330030;Santo Domingo, Ad.;33&deg 39' 22'' S;77;2023;1;30;13.4;19.2
330030;Santo Domingo, Ad.;33&deg 39' 22'' S;77;2023;1;31;13.8;18.6
330031;Juan Fernández, Estación Meteorológica.;33&deg 38' 9'' S;40;2023;1;1;16.8;22.8
330031;Juan Fernández, Estación Meteorológica.;33&deg 38' 9'' S;40;2023;1;2;15.2;19.1
330031;Juan Fernández, Estación Meteorológica.;33&deg 38' 9'' S;40;2023;1;3;15.2;18.6
330031;Juan Fernández, Estación Meteorológica.;33&deg 38' 9'' S;40;2023;1;4;15.8;20.2
330031;Juan Fernández, Estación Meteorológica.;33&deg 38' 9'' S;40;2023;1;5;15.6;21.6
330031;Juan Fernández, Estación Meteorológica.;33&deg 38' 9'' S;40;2023;1;6;13.1;20.7
330031;Juan Fernández, Estación Meteorológica.;33&deg 38' 9'' S;40;2023;1;7;15.4;20.5
330031;Juan Fernández, Estación Meteorológica.;33&deg 38' 9'' S;40;2023;1;8;14.0;23.4
330031;Juan Fernández, Estación Meteorológica.;33&deg 38' 9'' S;40;2023;1;9;15.2;23.6
330031;Juan Fernández, Estación Meteorológica.;33&deg 38' 9'' S;40;2023;1;10;15.3;19.9
330031;Juan Fernández, Estación Meteorológica.;33&deg 38' 9'' S;40;2023;1;11;15.2;19.0
330031;Juan Fernández, Estación Meteorológica.;33&deg 38' 9'' S;40;2023;1;12;15.5;19.1
330031;Juan Fernández, Estación Meteorológica.;33&deg 38' 9'' S;40;2023;1;13;15.7;18.5
330031;Juan Fernández, Estación Meteorológica.;33&deg 38' 9'' S;40;2023;1;14;15.5;19.8
330031;Juan Fernández, Estación Meteorológica.;33&deg 38' 9'' S;40;2023;1;15;16.7;21.7
330031;Juan Fernández, Estación Meteorológica.;33&deg 38' 9'' S;40;2023;1;16;15.9;20.0
330031;Juan Fernández, Estación Meteorológica.;33&deg 38' 9'' S;40;2023;1;17;14.1;19.8
330031;Juan Fernández, Estación Meteorológica.;33&deg 38' 9'' S;40;2023;1;18;14.7;19.0
330031;Juan Fernández, Estación Meteorológica.;33&deg 38' 9'' S;40;2023;1;19;15.2;22.0
330031;Juan Fernández, Estación Meteorológica.;33&deg 38' 9'' S;40;2023;1;20;15.6;22.3
330031;Juan Fernández, Estación Meteorológica.;33&deg 38' 9'' S;40;2023;1;21;16.8;23.4
330031;Juan Fernández, Estación Meteorológica.;33&deg 38' 9'' S;40;2023;1;22;17.2;22.2
330031;Juan Fernández, Estación Meteorológica.;33&deg 38' 9'' S;40;2023;1;23;15.4;24.8
330031;Juan Fernández, Estación Meteorológica.;33&deg 38' 9'' S;40;2023;1;24;17.6;20.5
330031;Juan Fernández, Estación Meteorológica.;33&deg 38' 9'' S;40;2023;1;25;16.3;20.7
330031;Juan Fernández, Estación Meteorológica.;33&deg 38' 9'' S;40;2023;1;26;15.6;21.7
330031;Juan Fernández, Estación Meteorológica.;33&deg 38' 9'' S;40;2023;1;27;17.2;21.1
330031;Juan Fernández, Estación Meteorológica.;33&deg 38' 9'' S;40;2023;1;28;16.9;21.4
330031;Juan Fernández, Estación Meteorológica.;33&deg 38' 9'' S;40;2023;1;29;17.9;21.1
330031;Juan Fernández, Estación Meteorológica.;33&deg 38' 9'' S;40;2023;1;30;18.7;22.5
330031;Juan Fernández, Estación Meteorológica.;33&deg 38' 9'' S;40;2023;1;31;17.0;19.2
340031;General Freire, Curicó Ad.;34&deg 58' 10'' S;229;2023;1;1;15.3;29.2
340031;General Freire, Curicó Ad.;34&deg 58' 10'' S;229;2023;1;2;13.6;30.0
340031;General Freire, Curicó Ad.;34&deg 58' 10'' S;229;2023;1;3;12.9;30.2
340031;General Freire, Curicó Ad.;34&deg 58' 10'' S;229;2023;1;4;15.8;34.7
340031;General Freire, Curicó Ad.;34&deg 58' 10'' S;229;2023;1;5;14.6;29.8
340031;General Freire, Curicó Ad.;34&deg 58' 10'' S;229;2023;1;6;13.9;31.4
340031;General Freire, Curicó Ad.;34&deg 58' 10'' S;229;2023;1;7;15.4;32.5
340031;General Freire, Curicó Ad.;34&deg 58' 10'' S;229;2023;1;8;15.4;34.3
340031;General Freire, Curicó Ad.;34&deg 58' 10'' S;229;2023;1;9;13.5;30.7
340031;General Freire, Curicó Ad.;34&deg 58' 10'' S;229;2023;1;10;15.7;29.5
340031;General Freire, Curicó Ad.;34&deg 58' 10'' S;229;2023;1;11;13.3;28.7
340031;General Freire, Curicó Ad.;34&deg 58' 10'' S;229;2023;1;12;11.8;29.3
340031;General Freire, Curicó Ad.;34&deg 58' 10'' S;229;2023;1;13;13.2;31.0
340031;General Freire, Curicó Ad.;34&deg 58' 10'' S;229;2023;1;14;13.2;30.7
340031;General Freire, Curicó Ad.;34&deg 58' 10'' S;229;2023;1;15;14.7;31.1
340031;General Freire, Curicó Ad.;34&deg 58' 10'' S;229;2023;1;16;13.5;31.8
340031;General Freire, Curicó Ad.;34&deg 58' 10'' S;229;2023;1;17;12.1;29.6
340031;General Freire, Curicó Ad.;34&deg 58' 10'' S;229;2023;1;18;11.3;34.1
340031;General Freire, Curicó Ad.;34&deg 58' 10'' S;229;2023;1;19;12.3;26.3
340031;General Freire, Curicó Ad.;34&deg 58' 10'' S;229;2023;1;20;15.8;27.7
340031;General Freire, Curicó Ad.;34&deg 58' 10'' S;229;2023;1;21;13.7;31.6
340031;General Freire, Curicó Ad.;34&deg 58' 10'' S;229;2023;1;22;14.4;33.1
340031;General Freire, Curicó Ad.;34&deg 58' 10'' S;229;2023;1;23;14.9;33.8
340031;General Freire, Curicó Ad.;34&deg 58' 10'' S;229;2023;1;24;13.1;29.2
340031;General Freire, Curicó Ad.;34&deg 58' 10'' S;229;2023;1;25;13.6;31.3
340031;General Freire, Curicó Ad.;34&deg 58' 10'' S;229;2023;1;26;13.9;30.4
340031;General Freire, Curicó Ad.;34&deg 58' 10'' S;229;2023;1;27;14.0;31.4
340031;General Freire, Curicó Ad.;34&deg 58' 10'' S;229;2023;1;28;14.0;34.6
340031;General Freire, Curicó Ad.;34&deg 58' 10'' S;229;2023;1;29;17.6;34.4
340031;General Freire, Curicó Ad.;34&deg 58' 10'' S;229;2023;1;30;13.0;33.1
340031;General Freire, Curicó Ad.;34&deg 58' 10'' S;229;2023;1;31;16.3;33.5
360011;General Bernardo O'Higgins, Chillán Ad.;36&deg 35' 9'' S;155;2023;1;1;12.7;26.5
360011;General Bernardo O'Higgins, Chillán Ad.;36&deg 35' 9'' S;155;2023;1;2;10.7;27.3
360011;General Bernardo O'Higgins, Chillán Ad.;36&deg 35' 9'' S;155;2023;1;3;11.0;28.8
360011;General Bernardo O'Higgins, Chillán Ad.;36&deg 35' 9'' S;155;2023;1;4;14.2;33.2
360011;General Bernardo O'Higgins, Chillán Ad.;36&deg 35' 9'' S;155;2023;1;5;13.9;30.1
360011;General Bernardo O'Higgins, Chillán Ad.;36&deg 35' 9'' S;155;2023;1;6;10.4;31.0
360011;General Bernardo O'Higgins, Chillán Ad.;36&deg 35' 9'' S;155;2023;1;7;9.7;31.3
360011;General Bernardo O'Higgins, Chillán Ad.;36&deg 35' 9'' S;155;2023;1;8;9.3;33.7
360011;General Bernardo O'Higgins, Chillán Ad.;36&deg 35' 9'' S;155;2023;1;9;11.7;28.5
360011;General Bernardo O'Higgins, Chillán Ad.;36&deg 35' 9'' S;155;2023;1;10;15.9;29.4
360011;General Bernardo O'Higgins, Chillán Ad.;36&deg 35' 9'' S;155;2023;1;11;9.1;27.1
360011;General Bernardo O'Higgins, Chillán Ad.;36&deg 35' 9'' S;155;2023;1;12;8.3;28.5
360011;General Bernardo O'Higgins, Chillán Ad.;36&deg 35' 9'' S;155;2023;1;13;9.8;30.6
360011;General Bernardo O'Higgins, Chillán Ad.;36&deg 35' 9'' S;155;2023;1;14;11.1;28.7
360011;General Bernardo O'Higgins, Chillán Ad.;36&deg 35' 9'' S;155;2023;1;15;11.4;30.5
360011;General Bernardo O'Higgins, Chillán Ad.;36&deg 35' 9'' S;155;2023;1;16;11.2;
360011;General Bernardo O'Higgins, Chillán Ad.;36&deg 35' 9'' S;155;2023;1;17;9.5;
360011;General Bernardo O'Higgins, Chillán Ad.;36&deg 35' 9'' S;155;2023;1;18;10.3;35.0
360011;General Bernardo O'Higgins, Chillán Ad.;36&deg 35' 9'' S;155;2023;1;19;8.4;
360011;General Bernardo O'Higgins, Chillán Ad.;36&deg 35' 9'' S;155;2023;1;20;8.8;
360011;General Bernardo O'Higgins, Chillán Ad.;36&deg 35' 9'' S;155;2023;1;21;10.9;
360011;General Bernardo O'Higgins, Chillán Ad.;36&deg 35' 9'' S;155;2023;1;22;13.3;
360011;General Bernardo O'Higgins, Chillán Ad.;36&deg 35' 9'' S;155;2023;1;23;8.5;33.4
360011;General Bernardo O'Higgins, Chillán Ad.;36&deg 35' 9'' S;155;2023;1;24;14.9;26.4
360011;General Bernardo O'Higgins, Chillán Ad.;36&deg 35' 9'' S;155;2023;1;25;9.0;27.9
360011;General Bernardo O'Higgins, Chillán Ad.;36&deg 35' 9'' S;155;2023;1;26;9.9;
360011;General Bernardo O'Higgins, Chillán Ad.;36&deg 35' 9'' S;155;2023;1;27;11.2;30.1
360011;General Bernardo O'Higgins, Chillán Ad.;36&deg 35' 9'' S;155;2023;1;28;10.8;33.7
360011;General Bernardo O'Higgins, Chillán Ad.;36&deg 35' 9'' S;155;2023;1;29;15.1;34.1
360011;General Bernardo O'Higgins, Chillán Ad.;36&deg 35' 9'' S;155;2023;1;30;15.5;32.6
360011;General Bernardo O'Higgins, Chillán Ad.;36&deg 35' 9'' S;155;2023;1;31;12.7;31.8
360019;Carriel Sur, Concepción Ap.;36&deg 46' 50'' S;13;2023;1;1;14.2;21.1
360019;Carriel Sur, Concepción Ap.;36&deg 46' 50'' S;13;2023;1;2;11.2;22.0
360019;Carriel Sur, Concepción Ap.;36&deg 46' 50'' S;13;2023;1;3;11.6;23.3
360019;Carriel Sur, Concepción Ap.;36&deg 46' 50'' S;13;2023;1;4;12.9;25.3
360019;Carriel Sur, Concepción Ap.;36&deg 46' 50'' S;13;2023;1;5;12.9;20.4
360019;Carriel Sur, Concepción Ap.;36&deg 46' 50'' S;13;2023;1;6;14.9;21.4
360019;Carriel Sur, Concepción Ap.;36&deg 46' 50'' S;13;2023;1;7;15.2;21.9
360019;Carriel Sur, Concepción Ap.;36&deg 46' 50'' S;13;2023;1;8;12.2;23.0
360019;Carriel Sur, Concepción Ap.;36&deg 46' 50'' S;13;2023;1;9;14.1;23.4
360019;Carriel Sur, Concepción Ap.;36&deg 46' 50'' S;13;2023;1;10;14.6;22.6
360019;Carriel Sur, Concepción Ap.;36&deg 46' 50'' S;13;2023;1;11;10.9;21.2
360019;Carriel Sur, Concepción Ap.;36&deg 46' 50'' S;13;2023;1;12;9.0;22.2
360019;Carriel Sur, Concepción Ap.;36&deg 46' 50'' S;13;2023;1;13;10.2;21.7
360019;Carriel Sur, Concepción Ap.;36&deg 46' 50'' S;13;2023;1;14;11.7;22.7
360019;Carriel Sur, Concepción Ap.;36&deg 46' 50'' S;13;2023;1;15;11.5;23.8
360019;Carriel Sur, Concepción Ap.;36&deg 46' 50'' S;13;2023;1;16;11.2;21.8
360019;Carriel Sur, Concepción Ap.;36&deg 46' 50'' S;13;2023;1;17;10.0;18.6
360019;Carriel Sur, Concepción Ap.;36&deg 46' 50'' S;13;2023;1;18;11.5;21.9
360019;Carriel Sur, Concepción Ap.;36&deg 46' 50'' S;13;2023;1;19;13.9;16.9
360019;Carriel Sur, Concepción Ap.;36&deg 46' 50'' S;13;2023;1;20;12.1;22.7
360019;Carriel Sur, Concepción Ap.;36&deg 46' 50'' S;13;2023;1;21;11.1;22.9
360019;Carriel Sur, Concepción Ap.;36&deg 46' 50'' S;13;2023;1;22;13.6;26.1
360019;Carriel Sur, Concepción Ap.;36&deg 46' 50'' S;13;2023;1;23;13.7;23.9
360019;Carriel Sur, Concepción Ap.;36&deg 46' 50'' S;13;2023;1;24;14.9;21.9
360019;Carriel Sur, Concepción Ap.;36&deg 46' 50'' S;13;2023;1;25;11.1;21.1
360019;Carriel Sur, Concepción Ap.;36&deg 46' 50'' S;13;2023;1;26;10.2;22.3
360019;Carriel Sur, Concepción Ap.;36&deg 46' 50'' S;13;2023;1;27;11.7;22.9
360019;Carriel Sur, Concepción Ap.;36&deg 46' 50'' S;13;2023;1;28;10.6;25.4
360019;Carriel Sur, Concepción Ap.;36&deg 46' 50'' S;13;2023;1;29;14.5;24.2
360019;Carriel Sur, Concepción Ap.;36&deg 46' 50'' S;13;2023;1;30;14.0;25.4
360019;Carriel Sur, Concepción Ap.;36&deg 46' 50'' S;13;2023;1;31;11.7;22.5
370033;María Dolores, Los Angeles Ad.;37&deg 23' 49'' S;118;2023;1;1;14.3;26.0
370033;María Dolores, Los Angeles Ad.;37&deg 23' 49'' S;118;2023;1;2;10.5;25.8
370033;María Dolores, Los Angeles Ad.;37&deg 23' 49'' S;118;2023;1;3;11.1;27.8
370033;María Dolores, Los Angeles Ad.;37&deg 23' 49'' S;118;2023;1;4;14.6;32.7
370033;María Dolores, Los Angeles Ad.;37&deg 23' 49'' S;118;2023;1;5;12.9;
370033;María Dolores, Los Angeles Ad.;37&deg 23' 49'' S;118;2023;1;6;9.2;31.2
370033;María Dolores, Los Angeles Ad.;37&deg 23' 49'' S;118;2023;1;7;8.3;31.4
370033;María Dolores, Los Angeles Ad.;37&deg 23' 49'' S;118;2023;1;8;8.5;34.8
370033;María Dolores, Los Angeles Ad.;37&deg 23' 49'' S;118;2023;1;9;9.5;29.9
370033;María Dolores, Los Angeles Ad.;37&deg 23' 49'' S;118;2023;1;10;14.7;27.1
370033;María Dolores, Los Angeles Ad.;37&deg 23' 49'' S;118;2023;1;11;8.4;26.7
370033;María Dolores, Los Angeles Ad.;37&deg 23' 49'' S;118;2023;1;12;10.8;26.8
370033;María Dolores, Los Angeles Ad.;37&deg 23' 49'' S;118;2023;1;13;10.6;29.1
370033;María Dolores, Los Angeles Ad.;37&deg 23' 49'' S;118;2023;1;14;11.0;26.9
370033;María Dolores, Los Angeles Ad.;37&deg 23' 49'' S;118;2023;1;15;11.1;29.6
370033;María Dolores, Los Angeles Ad.;37&deg 23' 49'' S;118;2023;1;16;12.1;29.5
370033;María Dolores, Los Angeles Ad.;37&deg 23' 49'' S;118;2023;1;17;11.9;32.5
370033;María Dolores, Los Angeles Ad.;37&deg 23' 49'' S;118;2023;1;18;9.2;36.8
370033;María Dolores, Los Angeles Ad.;37&deg 23' 49'' S;118;2023;1;19;10.5;30.5
370033;María Dolores, Los Angeles Ad.;37&deg 23' 49'' S;118;2023;1;20;8.4;28.3
370033;María Dolores, Los Angeles Ad.;37&deg 23' 49'' S;118;2023;1;21;11.4;29.7
370033;María Dolores, Los Angeles Ad.;37&deg 23' 49'' S;118;2023;1;22;12.7;32.0
370033;María Dolores, Los Angeles Ad.;37&deg 23' 49'' S;118;2023;1;23;11.2;33.1
370033;María Dolores, Los Angeles Ad.;37&deg 23' 49'' S;118;2023;1;24;14.0;25.6
370033;María Dolores, Los Angeles Ad.;37&deg 23' 49'' S;118;2023;1;25;9.1;26.2
370033;María Dolores, Los Angeles Ad.;37&deg 23' 49'' S;118;2023;1;26;11.1;26.7
370033;María Dolores, Los Angeles Ad.;37&deg 23' 49'' S;118;2023;1;27;11.1;29.5
370033;María Dolores, Los Angeles Ad.;37&deg 23' 49'' S;118;2023;1;28;12.4;33.3
370033;María Dolores, Los Angeles Ad.;37&deg 23' 49'' S;118;2023;1;29;16.4;32.7
370033;María Dolores, Los Angeles Ad.;37&deg 23' 49'' S;118;2023;1;30;16.5;31.1
370033;María Dolores, Los Angeles Ad.;37&deg 23' 49'' S;118;2023;1;31;12.1;31.4
380013;Maquehue, Temuco Ad.;38&deg 46' 4'' S;86;2023;1;1;12.9;23.0
380013;Maquehue, Temuco Ad.;38&deg 46' 4'' S;86;2023;1;2;4.6;21.2
380013;Maquehue, Temuco Ad.;38&deg 46' 4'' S;86;2023;1;3;4.7;24.5
380013;Maquehue, Temuco Ad.;38&deg 46' 4'' S;86;2023;1;4;8.0;28.6
380013;Maquehue, Temuco Ad.;38&deg 46' 4'' S;86;2023;1;5;9.1;27.9
380013;Maquehue, Temuco Ad.;38&deg 46' 4'' S;86;2023;1;6;12.5;25.8
380013;Maquehue, Temuco Ad.;38&deg 46' 4'' S;86;2023;1;7;10.7;28.6
380013;Maquehue, Temuco Ad.;38&deg 46' 4'' S;86;2023;1;8;7.9;30.1
380013;Maquehue, Temuco Ad.;38&deg 46' 4'' S;86;2023;1;9;15.1;28.8
380013;Maquehue, Temuco Ad.;38&deg 46' 4'' S;86;2023;1;10;12.3;21.9
380013;Maquehue, Temuco Ad.;38&deg 46' 4'' S;86;2023;1;11;2.1;22.5
380013;Maquehue, Temuco Ad.;38&deg 46' 4'' S;86;2023;1;12;2.9;23.4
380013;Maquehue, Temuco Ad.;38&deg 46' 4'' S;86;2023;1;13;3.8;25.4
380013;Maquehue, Temuco Ad.;38&deg 46' 4'' S;86;2023;1;14;7.7;25.2
380013;Maquehue, Temuco Ad.;38&deg 46' 4'' S;86;2023;1;15;4.4;26.4
380013;Maquehue, Temuco Ad.;38&deg 46' 4'' S;86;2023;1;16;5.1;25.4
380013;Maquehue, Temuco Ad.;38&deg 46' 4'' S;86;2023;1;17;5.3;29.5
380013;Maquehue, Temuco Ad.;38&deg 46' 4'' S;86;2023;1;18;5.6;32.8
380013;Maquehue, Temuco Ad.;38&deg 46' 4'' S;86;2023;1;19;9.2;28.2
380013;Maquehue, Temuco Ad.;38&deg 46' 4'' S;86;2023;1;20;12.6;24.6
380013;Maquehue, Temuco Ad.;38&deg 46' 4'' S;86;2023;1;21;8.8;26.1
380013;Maquehue, Temuco Ad.;38&deg 46' 4'' S;86;2023;1;22;11.0;29.6
380013;Maquehue, Temuco Ad.;38&deg 46' 4'' S;86;2023;1;23;11.9;29.3
380013;Maquehue, Temuco Ad.;38&deg 46' 4'' S;86;2023;1;24;9.3;23.3
380013;Maquehue, Temuco Ad.;38&deg 46' 4'' S;86;2023;1;25;3.9;23.4
380013;Maquehue, Temuco Ad.;38&deg 46' 4'' S;86;2023;1;26;5.4;24.6
380013;Maquehue, Temuco Ad.;38&deg 46' 4'' S;86;2023;1;27;4.5;25.1
380013;Maquehue, Temuco Ad.;38&deg 46' 4'' S;86;2023;1;28;4.3;29.8
380013;Maquehue, Temuco Ad.;38&deg 46' 4'' S;86;2023;1;29;13.6;26.3
380013;Maquehue, Temuco Ad.;38&deg 46' 4'' S;86;2023;1;30;15.1;27.1
380013;Maquehue, Temuco Ad.;38&deg 46' 4'' S;86;2023;1;31;6.3;26.5
390006;Pichoy, Valdivia Ad.;39&deg 39' 24'' S;18;2023;1;1;9.7;21.1
390006;Pichoy, Valdivia Ad.;39&deg 39' 24'' S;18;2023;1;2;6.4;19.3
390006;Pichoy, Valdivia Ad.;39&deg 39' 24'' S;18;2023;1;3;10.1;24.8
390006;Pichoy, Valdivia Ad.;39&deg 39' 24'' S;18;2023;1;4;9.4;29.4
390006;Pichoy, Valdivia Ad.;39&deg 39' 24'' S;18;2023;1;5;8.6;26.3
390006;Pichoy, Valdivia Ad.;39&deg 39' 24'' S;18;2023;1;6;10.1;22.8
390006;Pichoy, Valdivia Ad.;39&deg 39' 24'' S;18;2023;1;7;9.4;23.9
390006;Pichoy, Valdivia Ad.;39&deg 39' 24'' S;18;2023;1;8;8.6;27.9
390006;Pichoy, Valdivia Ad.;39&deg 39' 24'' S;18;2023;1;9;11.3;25.2
390006;Pichoy, Valdivia Ad.;39&deg 39' 24'' S;18;2023;1;10;8.9;20.3
390006;Pichoy, Valdivia Ad.;39&deg 39' 24'' S;18;2023;1;11;1.5;21.3
390006;Pichoy, Valdivia Ad.;39&deg 39' 24'' S;18;2023;1;12;7.4;22.8
390006;Pichoy, Valdivia Ad.;39&deg 39' 24'' S;18;2023;1;13;6.0;24.0
390006;Pichoy, Valdivia Ad.;39&deg 39' 24'' S;18;2023;1;14;11.9;23.7
390006;Pichoy, Valdivia Ad.;39&deg 39' 24'' S;18;2023;1;15;4.9;25.2
390006;Pichoy, Valdivia Ad.;39&deg 39' 24'' S;18;2023;1;16;5.9;25.3
390006;Pichoy, Valdivia Ad.;39&deg 39' 24'' S;18;2023;1;17;4.0;29.3
390006;Pichoy, Valdivia Ad.;39&deg 39' 24'' S;18;2023;1;18;6.9;32.7
390006;Pichoy, Valdivia Ad.;39&deg 39' 24'' S;18;2023;1;19;8.3;27.0
390006;Pichoy, Valdivia Ad.;39&deg 39' 24'' S;18;2023;1;20;11.7;20.4
390006;Pichoy, Valdivia Ad.;39&deg 39' 24'' S;18;2023;1;21;7.3;24.8
390006;Pichoy, Valdivia Ad.;39&deg 39' 24'' S;18;2023;1;22;8.4;28.1
390006;Pichoy, Valdivia Ad.;39&deg 39' 24'' S;18;2023;1;23;7.6;25.2
390006;Pichoy, Valdivia Ad.;39&deg 39' 24'' S;18;2023;1;24;9.3;21.0
390006;Pichoy, Valdivia Ad.;39&deg 39' 24'' S;18;2023;1;25;2.0;21.6
390006;Pichoy, Valdivia Ad.;39&deg 39' 24'' S;18;2023;1;26;5.5;23.0
390006;Pichoy, Valdivia Ad.;39&deg 39' 24'' S;18;2023;1;27;2.7;24.4
390006;Pichoy, Valdivia Ad.;39&deg 39' 24'' S;18;2023;1;28;5.0;30.6
390006;Pichoy, Valdivia Ad.;39&deg 39' 24'' S;18;2023;1;29;9.6;30.8
390006;Pichoy, Valdivia Ad.;39&deg 39' 24'' S;18;2023;1;30;12.5;25.6
390006;Pichoy, Valdivia Ad.;39&deg 39' 24'' S;18;2023;1;31;10.7;28.0
400009;Cañal Bajo,  Osorno Ad.;40&deg 36' 52'' S;61;2023;1;1;11.1;21.7
400009;Cañal Bajo,  Osorno Ad.;40&deg 36' 52'' S;61;2023;1;2;5.8;17.8
400009;Cañal Bajo,  Osorno Ad.;40&deg 36' 52'' S;61;2023;1;3;11.3;22.4
400009;Cañal Bajo,  Osorno Ad.;40&deg 36' 52'' S;61;2023;1;4;12.3;26.1
400009;Cañal Bajo,  Osorno Ad.;40&deg 36' 52'' S;61;2023;1;5;13.6;28.3
400009;Cañal Bajo,  Osorno Ad.;40&deg 36' 52'' S;61;2023;1;6;6.8;30.0
400009;Cañal Bajo,  Osorno Ad.;40&deg 36' 52'' S;61;2023;1;7;10.8;27.0
400009;Cañal Bajo,  Osorno Ad.;40&deg 36' 52'' S;61;2023;1;8;11.9;31.4
400009;Cañal Bajo,  Osorno Ad.;40&deg 36' 52'' S;61;2023;1;9;8.6;21.4
400009;Cañal Bajo,  Osorno Ad.;40&deg 36' 52'' S;61;2023;1;10;3.6;18.9
400009;Cañal Bajo,  Osorno Ad.;40&deg 36' 52'' S;61;2023;1;11;1.8;18.9
400009;Cañal Bajo,  Osorno Ad.;40&deg 36' 52'' S;61;2023;1;12;8.2;19.4
400009;Cañal Bajo,  Osorno Ad.;40&deg 36' 52'' S;61;2023;1;13;7.4;20.8
400009;Cañal Bajo,  Osorno Ad.;40&deg 36' 52'' S;61;2023;1;14;11.4;22.6
400009;Cañal Bajo,  Osorno Ad.;40&deg 36' 52'' S;61;2023;1;15;9.1;22.9
400009;Cañal Bajo,  Osorno Ad.;40&deg 36' 52'' S;61;2023;1;16;7.2;23.6
400009;Cañal Bajo,  Osorno Ad.;40&deg 36' 52'' S;61;2023;1;17;3.9;26.1
400009;Cañal Bajo,  Osorno Ad.;40&deg 36' 52'' S;61;2023;1;18;4.7;30.3
400009;Cañal Bajo,  Osorno Ad.;40&deg 36' 52'' S;61;2023;1;19;6.5;29.4
400009;Cañal Bajo,  Osorno Ad.;40&deg 36' 52'' S;61;2023;1;20;13.0;22.9
400009;Cañal Bajo,  Osorno Ad.;40&deg 36' 52'' S;61;2023;1;21;14.1;23.6
400009;Cañal Bajo,  Osorno Ad.;40&deg 36' 52'' S;61;2023;1;22;13.6;27.8
400009;Cañal Bajo,  Osorno Ad.;40&deg 36' 52'' S;61;2023;1;23;8.2;27.0
400009;Cañal Bajo,  Osorno Ad.;40&deg 36' 52'' S;61;2023;1;24;8.1;21.2
400009;Cañal Bajo,  Osorno Ad.;40&deg 36' 52'' S;61;2023;1;25;3.0;21.4
400009;Cañal Bajo,  Osorno Ad.;40&deg 36' 52'' S;61;2023;1;26;10.2;23.0
400009;Cañal Bajo,  Osorno Ad.;40&deg 36' 52'' S;61;2023;1;27;2.8;23.3
400009;Cañal Bajo,  Osorno Ad.;40&deg 36' 52'' S;61;2023;1;28;5.2;27.9
400009;Cañal Bajo,  Osorno Ad.;40&deg 36' 52'' S;61;2023;1;29;15.1;28.3
400009;Cañal Bajo,  Osorno Ad.;40&deg 36' 52'' S;61;2023;1;30;14.1;23.0
400009;Cañal Bajo,  Osorno Ad.;40&deg 36' 52'' S;61;2023;1;31;9.8;24.1
410005;El Tepual  Puerto Montt Ap.;41&deg 26' 51'' S;87;2023;1;1;8.4;18.5
410005;El Tepual  Puerto Montt Ap.;41&deg 26' 51'' S;87;2023;1;2;7.4;14.7
410005;El Tepual  Puerto Montt Ap.;41&deg 26' 51'' S;87;2023;1;3;10.0;18.9
410005;El Tepual  Puerto Montt Ap.;41&deg 26' 51'' S;87;2023;1;4;12.1;20.7
410005;El Tepual  Puerto Montt Ap.;41&deg 26' 51'' S;87;2023;1;5;11.1;25.3
410005;El Tepual  Puerto Montt Ap.;41&deg 26' 51'' S;87;2023;1;6;11.4;23.9
410005;El Tepual  Puerto Montt Ap.;41&deg 26' 51'' S;87;2023;1;7;11.9;23.3
410005;El Tepual  Puerto Montt Ap.;41&deg 26' 51'' S;87;2023;1;8;13.6;27.6
410005;El Tepual  Puerto Montt Ap.;41&deg 26' 51'' S;87;2023;1;9;10.8;17.1
410005;El Tepual  Puerto Montt Ap.;41&deg 26' 51'' S;87;2023;1;10;6.5;15.4
410005;El Tepual  Puerto Montt Ap.;41&deg 26' 51'' S;87;2023;1;11;2.9;16.1
410005;El Tepual  Puerto Montt Ap.;41&deg 26' 51'' S;87;2023;1;12;8.0;17.0
410005;El Tepual  Puerto Montt Ap.;41&deg 26' 51'' S;87;2023;1;13;6.8;17.4
410005;El Tepual  Puerto Montt Ap.;41&deg 26' 51'' S;87;2023;1;14;9.7;19.0
410005;El Tepual  Puerto Montt Ap.;41&deg 26' 51'' S;87;2023;1;15;6.4;18.6
410005;El Tepual  Puerto Montt Ap.;41&deg 26' 51'' S;87;2023;1;16;5.9;18.7
410005;El Tepual  Puerto Montt Ap.;41&deg 26' 51'' S;87;2023;1;17;7.7;20.7
410005;El Tepual  Puerto Montt Ap.;41&deg 26' 51'' S;87;2023;1;18;6.1;23.3
410005;El Tepual  Puerto Montt Ap.;41&deg 26' 51'' S;87;2023;1;19;7.8;23.5
410005;El Tepual  Puerto Montt Ap.;41&deg 26' 51'' S;87;2023;1;20;13.3;19.0
410005;El Tepual  Puerto Montt Ap.;41&deg 26' 51'' S;87;2023;1;21;10.6;19.6
410005;El Tepual  Puerto Montt Ap.;41&deg 26' 51'' S;87;2023;1;22;14.7;22.3
410005;El Tepual  Puerto Montt Ap.;41&deg 26' 51'' S;87;2023;1;23;8.7;25.5
410005;El Tepual  Puerto Montt Ap.;41&deg 26' 51'' S;87;2023;1;24;8.4;18.6
410005;El Tepual  Puerto Montt Ap.;41&deg 26' 51'' S;87;2023;1;25;9.8;19.3
410005;El Tepual  Puerto Montt Ap.;41&deg 26' 51'' S;87;2023;1;26;10.5;18.9
410005;El Tepual  Puerto Montt Ap.;41&deg 26' 51'' S;87;2023;1;27;5.9;23.7
410005;El Tepual  Puerto Montt Ap.;41&deg 26' 51'' S;87;2023;1;28;5.5;24.0
410005;El Tepual  Puerto Montt Ap.;41&deg 26' 51'' S;87;2023;1;29;13.8;24.7
410005;El Tepual  Puerto Montt Ap.;41&deg 26' 51'' S;87;2023;1;30;13.2;19.3
410005;El Tepual  Puerto Montt Ap.;41&deg 26' 51'' S;87;2023;1;31;6.4;19.3
430002;Futaleufú Ad.;43&deg 11' 20'' S;347;2023;1;1;7.0;17.1
430002;Futaleufú Ad.;43&deg 11' 20'' S;347;2023;1;2;11.1;16.9
430002;Futaleufú Ad.;43&deg 11' 20'' S;347;2023;1;3;10.6;19.7
430002;Futaleufú Ad.;43&deg 11' 20'' S;347;2023;1;4;11.3;27.4
430002;Futaleufú Ad.;43&deg 11' 20'' S;347;2023;1;5;8.4;32.0
430002;Futaleufú Ad.;43&deg 11' 20'' S;347;2023;1;6;10.9;28.3
430002;Futaleufú Ad.;43&deg 11' 20'' S;347;2023;1;7;13.2;27.1
430002;Futaleufú Ad.;43&deg 11' 20'' S;347;2023;1;8;14.8;29.9
430002;Futaleufú Ad.;43&deg 11' 20'' S;347;2023;1;9;14.4;20.4
430002;Futaleufú Ad.;43&deg 11' 20'' S;347;2023;1;10;9.2;18.5
430002;Futaleufú Ad.;43&deg 11' 20'' S;347;2023;1;11;7.8;13.6
430002;Futaleufú Ad.;43&deg 11' 20'' S;347;2023;1;12;9.8;22.1
430002;Futaleufú Ad.;43&deg 11' 20'' S;347;2023;1;13;8.4;23.4
430002;Futaleufú Ad.;43&deg 11' 20'' S;347;2023;1;14;9.4;21.4
430002;Futaleufú Ad.;43&deg 11' 20'' S;347;2023;1;15;5.6;25.0
430002;Futaleufú Ad.;43&deg 11' 20'' S;347;2023;1;16;6.4;28.8
430002;Futaleufú Ad.;43&deg 11' 20'' S;347;2023;1;17;9.2;31.2
430002;Futaleufú Ad.;43&deg 11' 20'' S;347;2023;1;18;11.2;33.8
430002;Futaleufú Ad.;43&deg 11' 20'' S;347;2023;1;19;11.7;35.9
430002;Futaleufú Ad.;43&deg 11' 20'' S;347;2023;1;20;13.5;24.8
430002;Futaleufú Ad.;43&deg 11' 20'' S;347;2023;1;21;16.2;20.6
430002;Futaleufú Ad.;43&deg 11' 20'' S;347;2023;1;22;14.0;25.0
430002;Futaleufú Ad.;43&deg 11' 20'' S;347;2023;1;23;8.7;25.8
430002;Futaleufú Ad.;43&deg 11' 20'' S;347;2023;1;24;9.1;15.7
430002;Futaleufú Ad.;43&deg 11' 20'' S;347;2023;1;25;9.1;17.4
430002;Futaleufú Ad.;43&deg 11' 20'' S;347;2023;1;26;10.0;17.4
430002;Futaleufú Ad.;43&deg 11' 20'' S;347;2023;1;27;6.1;21.0
430002;Futaleufú Ad.;43&deg 11' 20'' S;347;2023;1;28;8.6;26.3
430002;Futaleufú Ad.;43&deg 11' 20'' S;347;2023;1;29;10.2;32.4
430002;Futaleufú Ad.;43&deg 11' 20'' S;347;2023;1;30;16.8;23.3
430002;Futaleufú Ad.;43&deg 11' 20'' S;347;2023;1;31;6.0;28.1
430004;Alto Palena Ad.;43&deg 36' 42'' S;256;2023;1;1;7.5;17.3
430004;Alto Palena Ad.;43&deg 36' 42'' S;256;2023;1;2;9.1;14.5
430004;Alto Palena Ad.;43&deg 36' 42'' S;256;2023;1;3;9.1;18.2
430004;Alto Palena Ad.;43&deg 36' 42'' S;256;2023;1;4;11.1;25.2
430004;Alto Palena Ad.;43&deg 36' 42'' S;256;2023;1;5;12.4;30.7
430004;Alto Palena Ad.;43&deg 36' 42'' S;256;2023;1;6;7.3;28.0
430004;Alto Palena Ad.;43&deg 36' 42'' S;256;2023;1;7;12.6;26.7
430004;Alto Palena Ad.;43&deg 36' 42'' S;256;2023;1;8;;27.6
430004;Alto Palena Ad.;43&deg 36' 42'' S;256;2023;1;9;14.3;19.1
430004;Alto Palena Ad.;43&deg 36' 42'' S;256;2023;1;10;9.4;19.0
430004;Alto Palena Ad.;43&deg 36' 42'' S;256;2023;1;11;6.9;12.7
430004;Alto Palena Ad.;43&deg 36' 42'' S;256;2023;1;12;10.3;19.6
430004;Alto Palena Ad.;43&deg 36' 42'' S;256;2023;1;13;8.3;20.3
430004;Alto Palena Ad.;43&deg 36' 42'' S;256;2023;1;14;10.3;20.9
430004;Alto Palena Ad.;43&deg 36' 42'' S;256;2023;1;15;4.1;23.1
430004;Alto Palena Ad.;43&deg 36' 42'' S;256;2023;1;16;4.1;28.0
430004;Alto Palena Ad.;43&deg 36' 42'' S;256;2023;1;17;5.2;30.0
430004;Alto Palena Ad.;43&deg 36' 42'' S;256;2023;1;18;7.6;33.7
430004;Alto Palena Ad.;43&deg 36' 42'' S;256;2023;1;19;9.9;34.6
430004;Alto Palena Ad.;43&deg 36' 42'' S;256;2023;1;20;11.0;26.5
430004;Alto Palena Ad.;43&deg 36' 42'' S;256;2023;1;21;15.4;19.5
430004;Alto Palena Ad.;43&deg 36' 42'' S;256;2023;1;22;13.1;24.2
430004;Alto Palena Ad.;43&deg 36' 42'' S;256;2023;1;23;7.5;25.2
430004;Alto Palena Ad.;43&deg 36' 42'' S;256;2023;1;24;8.1;14.8
430004;Alto Palena Ad.;43&deg 36' 42'' S;256;2023;1;25;8.1;17.6
430004;Alto Palena Ad.;43&deg 36' 42'' S;256;2023;1;26;8.3;15.8
430004;Alto Palena Ad.;43&deg 36' 42'' S;256;2023;1;27;6.3;20.3
430004;Alto Palena Ad.;43&deg 36' 42'' S;256;2023;1;28;8.8;24.8
430004;Alto Palena Ad.;43&deg 36' 42'' S;256;2023;1;29;;30.6
430004;Alto Palena Ad.;43&deg 36' 42'' S;256;2023;1;30;9.2;22.4
430004;Alto Palena Ad.;43&deg 36' 42'' S;256;2023;1;31;5.0;27.5
450001;Puerto Aysén Ad.;45&deg 23' 58'' S;11;2023;1;1;;
450001;Puerto Aysén Ad.;45&deg 23' 58'' S;11;2023;1;2;;
450001;Puerto Aysén Ad.;45&deg 23' 58'' S;11;2023;1;3;;15.6
450001;Puerto Aysén Ad.;45&deg 23' 58'' S;11;2023;1;4;12.9;22.3
450001;Puerto Aysén Ad.;45&deg 23' 58'' S;11;2023;1;5;9.4;25.9
450001;Puerto Aysén Ad.;45&deg 23' 58'' S;11;2023;1;6;15.2;19.4
450001;Puerto Aysén Ad.;45&deg 23' 58'' S;11;2023;1;7;13.0;18.2
450001;Puerto Aysén Ad.;45&deg 23' 58'' S;11;2023;1;8;12.9;
450001;Puerto Aysén Ad.;45&deg 23' 58'' S;11;2023;1;9;14.2;19.0
450001;Puerto Aysén Ad.;45&deg 23' 58'' S;11;2023;1;10;10.2;15.6
450001;Puerto Aysén Ad.;45&deg 23' 58'' S;11;2023;1;11;;15.8
450001;Puerto Aysén Ad.;45&deg 23' 58'' S;11;2023;1;12;10.9;16.0
450001;Puerto Aysén Ad.;45&deg 23' 58'' S;11;2023;1;13;12.6;16.7
450001;Puerto Aysén Ad.;45&deg 23' 58'' S;11;2023;1;14;10.9;18.8
450001;Puerto Aysén Ad.;45&deg 23' 58'' S;11;2023;1;15;10.2;
450001;Puerto Aysén Ad.;45&deg 23' 58'' S;11;2023;1;16;9.5;19.9
450001;Puerto Aysén Ad.;45&deg 23' 58'' S;11;2023;1;17;6.6;23.9
450001;Puerto Aysén Ad.;45&deg 23' 58'' S;11;2023;1;18;8.0;26.1
450001;Puerto Aysén Ad.;45&deg 23' 58'' S;11;2023;1;19;9.3;28.2
450001;Puerto Aysén Ad.;45&deg 23' 58'' S;11;2023;1;20;16.1;
450001;Puerto Aysén Ad.;45&deg 23' 58'' S;11;2023;1;21;14.8;18.4
450001;Puerto Aysén Ad.;45&deg 23' 58'' S;11;2023;1;22;13.4;
450001;Puerto Aysén Ad.;45&deg 23' 58'' S;11;2023;1;23;12.2;23.3
450001;Puerto Aysén Ad.;45&deg 23' 58'' S;11;2023;1;24;8.4;15.2
450001;Puerto Aysén Ad.;45&deg 23' 58'' S;11;2023;1;25;8.9;16.0
450001;Puerto Aysén Ad.;45&deg 23' 58'' S;11;2023;1;26;9.9;17.8
450001;Puerto Aysén Ad.;45&deg 23' 58'' S;11;2023;1;27;9.0;15.7
450001;Puerto Aysén Ad.;45&deg 23' 58'' S;11;2023;1;28;12.0;
450001;Puerto Aysén Ad.;45&deg 23' 58'' S;11;2023;1;29;;
450001;Puerto Aysén Ad.;45&deg 23' 58'' S;11;2023;1;30;13.6;19.4
450001;Puerto Aysén Ad.;45&deg 23' 58'' S;11;2023;1;31;4.2;20.7
450004;Teniente Vidal, Coyhaique Ad.;45&deg 35' 27'' S;299;2023;1;1;6.7;13.8
450004;Teniente Vidal, Coyhaique Ad.;45&deg 35' 27'' S;299;2023;1;2;9.2;17.5
450004;Teniente Vidal, Coyhaique Ad.;45&deg 35' 27'' S;299;2023;1;3;10.2;19.0
450004;Teniente Vidal, Coyhaique Ad.;45&deg 35' 27'' S;299;2023;1;4;11.1;24.1
450004;Teniente Vidal, Coyhaique Ad.;45&deg 35' 27'' S;299;2023;1;5;9.9;27.2
450004;Teniente Vidal, Coyhaique Ad.;45&deg 35' 27'' S;299;2023;1;6;14.6;22.5
450004;Teniente Vidal, Coyhaique Ad.;45&deg 35' 27'' S;299;2023;1;7;13.6;21.4
450004;Teniente Vidal, Coyhaique Ad.;45&deg 35' 27'' S;299;2023;1;8;11.2;21.6
450004;Teniente Vidal, Coyhaique Ad.;45&deg 35' 27'' S;299;2023;1;9;14.2;18.3
450004;Teniente Vidal, Coyhaique Ad.;45&deg 35' 27'' S;299;2023;1;10;7.7;11.4
450004;Teniente Vidal, Coyhaique Ad.;45&deg 35' 27'' S;299;2023;1;11;7.8;17.9
450004;Teniente Vidal, Coyhaique Ad.;45&deg 35' 27'' S;299;2023;1;12;5.6;18.8
450004;Teniente Vidal, Coyhaique Ad.;45&deg 35' 27'' S;299;2023;1;13;7.4;19.2
450004;Teniente Vidal, Coyhaique Ad.;45&deg 35' 27'' S;299;2023;1;14;10.1;18.8
450004;Teniente Vidal, Coyhaique Ad.;45&deg 35' 27'' S;299;2023;1;15;5.4;20.0
450004;Teniente Vidal, Coyhaique Ad.;45&deg 35' 27'' S;299;2023;1;16;7.6;22.8
450004;Teniente Vidal, Coyhaique Ad.;45&deg 35' 27'' S;299;2023;1;17;6.1;28.2
450004;Teniente Vidal, Coyhaique Ad.;45&deg 35' 27'' S;299;2023;1;18;8.2;31.0
450004;Teniente Vidal, Coyhaique Ad.;45&deg 35' 27'' S;299;2023;1;19;8.9;32.8
450004;Teniente Vidal, Coyhaique Ad.;45&deg 35' 27'' S;299;2023;1;20;14.6;27.0
450004;Teniente Vidal, Coyhaique Ad.;45&deg 35' 27'' S;299;2023;1;21;14.3;22.0
450004;Teniente Vidal, Coyhaique Ad.;45&deg 35' 27'' S;299;2023;1;22;9.1;22.3
450004;Teniente Vidal, Coyhaique Ad.;45&deg 35' 27'' S;299;2023;1;23;9.5;
450004;Teniente Vidal, Coyhaique Ad.;45&deg 35' 27'' S;299;2023;1;24;6.8;15.1
450004;Teniente Vidal, Coyhaique Ad.;45&deg 35' 27'' S;299;2023;1;25;8.6;17.4
450004;Teniente Vidal, Coyhaique Ad.;45&deg 35' 27'' S;299;2023;1;26;8.5;16.5
450004;Teniente Vidal, Coyhaique Ad.;45&deg 35' 27'' S;299;2023;1;27;8.1;18.3
450004;Teniente Vidal, Coyhaique Ad.;45&deg 35' 27'' S;299;2023;1;28;9.8;23.6
450004;Teniente Vidal, Coyhaique Ad.;45&deg 35' 27'' S;299;2023;1;29;11.2;25.9
450004;Teniente Vidal, Coyhaique Ad.;45&deg 35' 27'' S;299;2023;1;30;12.5;20.7
450004;Teniente Vidal, Coyhaique Ad.;45&deg 35' 27'' S;299;2023;1;31;2.0;24.4
450005;Balmaceda Ad.;45&deg 55' 6'' S;517;2023;1;1;5.3;13.6
450005;Balmaceda Ad.;45&deg 55' 6'' S;517;2023;1;2;7.4;17.2
450005;Balmaceda Ad.;45&deg 55' 6'' S;517;2023;1;3;8.0;18.0
450005;Balmaceda Ad.;45&deg 55' 6'' S;517;2023;1;4;11.3;23.2
450005;Balmaceda Ad.;45&deg 55' 6'' S;517;2023;1;5;10.3;25.9
450005;Balmaceda Ad.;45&deg 55' 6'' S;517;2023;1;6;14.9;22.2
450005;Balmaceda Ad.;45&deg 55' 6'' S;517;2023;1;7;12.6;22.3
450005;Balmaceda Ad.;45&deg 55' 6'' S;517;2023;1;8;7.9;22.6
450005;Balmaceda Ad.;45&deg 55' 6'' S;517;2023;1;9;12.7;19.1
450005;Balmaceda Ad.;45&deg 55' 6'' S;517;2023;1;10;7.4;9.7
450005;Balmaceda Ad.;45&deg 55' 6'' S;517;2023;1;11;7.0;17.6
450005;Balmaceda Ad.;45&deg 55' 6'' S;517;2023;1;12;3.4;17.8
450005;Balmaceda Ad.;45&deg 55' 6'' S;517;2023;1;13;9.6;17.5
450005;Balmaceda Ad.;45&deg 55' 6'' S;517;2023;1;14;8.5;18.2
450005;Balmaceda Ad.;45&deg 55' 6'' S;517;2023;1;15;3.5;18.2
450005;Balmaceda Ad.;45&deg 55' 6'' S;517;2023;1;16;8.2;21.4
450005;Balmaceda Ad.;45&deg 55' 6'' S;517;2023;1;17;2.2;27.9
450005;Balmaceda Ad.;45&deg 55' 6'' S;517;2023;1;18;1.8;30.1
450005;Balmaceda Ad.;45&deg 55' 6'' S;517;2023;1;19;3.4;30.9
450005;Balmaceda Ad.;45&deg 55' 6'' S;517;2023;1;20;12.1;25.7
450005;Balmaceda Ad.;45&deg 55' 6'' S;517;2023;1;21;14.0;21.2
450005;Balmaceda Ad.;45&deg 55' 6'' S;517;2023;1;22;6.8;20.7
450005;Balmaceda Ad.;45&deg 55' 6'' S;517;2023;1;23;7.8;22.6
450005;Balmaceda Ad.;45&deg 55' 6'' S;517;2023;1;24;5.7;13.7
450005;Balmaceda Ad.;45&deg 55' 6'' S;517;2023;1;25;6.1;17.4
450005;Balmaceda Ad.;45&deg 55' 6'' S;517;2023;1;26;6.0;16.2
450005;Balmaceda Ad.;45&deg 55' 6'' S;517;2023;1;27;7.5;17.0
450005;Balmaceda Ad.;45&deg 55' 6'' S;517;2023;1;28;10.1;23.0
450005;Balmaceda Ad.;45&deg 55' 6'' S;517;2023;1;29;12.4;25.1
450005;Balmaceda Ad.;45&deg 55' 6'' S;517;2023;1;30;11.3;19.3
450005;Balmaceda Ad.;45&deg 55' 6'' S;517;2023;1;31;-1.3;23.2
460001;Chile Chico Ad.;46&deg 35' 6'' S;311;2023;1;1;10.2;
460001;Chile Chico Ad.;46&deg 35' 6'' S;311;2023;1;2;;
460001;Chile Chico Ad.;46&deg 35' 6'' S;311;2023;1;3;12.7;26.2
460001;Chile Chico Ad.;46&deg 35' 6'' S;311;2023;1;4;13.6;28.2
460001;Chile Chico Ad.;46&deg 35' 6'' S;311;2023;1;5;10.8;30.6
460001;Chile Chico Ad.;46&deg 35' 6'' S;311;2023;1;6;11.8;25.9
460001;Chile Chico Ad.;46&deg 35' 6'' S;311;2023;1;7;14.3;27.7
460001;Chile Chico Ad.;46&deg 35' 6'' S;311;2023;1;8;9.8;26.7
460001;Chile Chico Ad.;46&deg 35' 6'' S;311;2023;1;9;13.1;22.2
460001;Chile Chico Ad.;46&deg 35' 6'' S;311;2023;1;10;10.7;11.1
460001;Chile Chico Ad.;46&deg 35' 6'' S;311;2023;1;11;8.7;22.4
460001;Chile Chico Ad.;46&deg 35' 6'' S;311;2023;1;12;7.4;24.5
460001;Chile Chico Ad.;46&deg 35' 6'' S;311;2023;1;13;7.6;22.9
460001;Chile Chico Ad.;46&deg 35' 6'' S;311;2023;1;14;7.6;23.1
460001;Chile Chico Ad.;46&deg 35' 6'' S;311;2023;1;15;7.6;24.6
460001;Chile Chico Ad.;46&deg 35' 6'' S;311;2023;1;16;8.9;26.3
460001;Chile Chico Ad.;46&deg 35' 6'' S;311;2023;1;17;6.7;27.2
460001;Chile Chico Ad.;46&deg 35' 6'' S;311;2023;1;18;6.0;31.6
460001;Chile Chico Ad.;46&deg 35' 6'' S;311;2023;1;19;10.4;32.3
460001;Chile Chico Ad.;46&deg 35' 6'' S;311;2023;1;20;12.7;29.9
460001;Chile Chico Ad.;46&deg 35' 6'' S;311;2023;1;21;12.7;25.8
460001;Chile Chico Ad.;46&deg 35' 6'' S;311;2023;1;22;8.5;24.2
460001;Chile Chico Ad.;46&deg 35' 6'' S;311;2023;1;23;7.9;25.1
460001;Chile Chico Ad.;46&deg 35' 6'' S;311;2023;1;24;8.6;18.0
460001;Chile Chico Ad.;46&deg 35' 6'' S;311;2023;1;25;6.1;22.5
460001;Chile Chico Ad.;46&deg 35' 6'' S;311;2023;1;26;11.1;19.9
460001;Chile Chico Ad.;46&deg 35' 6'' S;311;2023;1;27;8.9;20.9
460001;Chile Chico Ad.;46&deg 35' 6'' S;311;2023;1;28;8.9;27.5
460001;Chile Chico Ad.;46&deg 35' 6'' S;311;2023;1;29;10.4;29.4
460001;Chile Chico Ad.;46&deg 35' 6'' S;311;2023;1;30;14.1;22.7
460001;Chile Chico Ad.;46&deg 35' 6'' S;311;2023;1;31;0.2;24.5
470001;Lord Cochrane Ad.;47&deg 14' 38'' S;209;2023;1;1;4.6;16.9
470001;Lord Cochrane Ad.;47&deg 14' 38'' S;209;2023;1;2;10.3;20.8
470001;Lord Cochrane Ad.;47&deg 14' 38'' S;209;2023;1;3;9.7;22.5
470001;Lord Cochrane Ad.;47&deg 14' 38'' S;209;2023;1;4;13.9;25.8
470001;Lord Cochrane Ad.;47&deg 14' 38'' S;209;2023;1;5;10.3;28.6
470001;Lord Cochrane Ad.;47&deg 14' 38'' S;209;2023;1;6;14.4;23.8
470001;Lord Cochrane Ad.;47&deg 14' 38'' S;209;2023;1;7;12.2;25.4
470001;Lord Cochrane Ad.;47&deg 14' 38'' S;209;2023;1;8;11.7;25.8
470001;Lord Cochrane Ad.;47&deg 14' 38'' S;209;2023;1;9;12.3;21.6
470001;Lord Cochrane Ad.;47&deg 14' 38'' S;209;2023;1;10;5.9;16.1
470001;Lord Cochrane Ad.;47&deg 14' 38'' S;209;2023;1;11;9.2;19.7
470001;Lord Cochrane Ad.;47&deg 14' 38'' S;209;2023;1;12;10.5;19.1
470001;Lord Cochrane Ad.;47&deg 14' 38'' S;209;2023;1;13;10.3;22.1
470001;Lord Cochrane Ad.;47&deg 14' 38'' S;209;2023;1;14;9.4;20.1
470001;Lord Cochrane Ad.;47&deg 14' 38'' S;209;2023;1;15;6.9;17.6
470001;Lord Cochrane Ad.;47&deg 14' 38'' S;209;2023;1;16;6.7;23.3
470001;Lord Cochrane Ad.;47&deg 14' 38'' S;209;2023;1;17;6.9;28.3
470001;Lord Cochrane Ad.;47&deg 14' 38'' S;209;2023;1;18;10.1;30.8
470001;Lord Cochrane Ad.;47&deg 14' 38'' S;209;2023;1;19;10.1;32.1
470001;Lord Cochrane Ad.;47&deg 14' 38'' S;209;2023;1;20;17.1;27.9
470001;Lord Cochrane Ad.;47&deg 14' 38'' S;209;2023;1;21;12.4;23.0
470001;Lord Cochrane Ad.;47&deg 14' 38'' S;209;2023;1;22;9.6;24.4
470001;Lord Cochrane Ad.;47&deg 14' 38'' S;209;2023;1;23;7.6;25.3
470001;Lord Cochrane Ad.;47&deg 14' 38'' S;209;2023;1;24;6.3;17.5
470001;Lord Cochrane Ad.;47&deg 14' 38'' S;209;2023;1;25;7.3;19.6
470001;Lord Cochrane Ad.;47&deg 14' 38'' S;209;2023;1;26;8.9;18.6
470001;Lord Cochrane Ad.;47&deg 14' 38'' S;209;2023;1;27;5.7;19.6
470001;Lord Cochrane Ad.;47&deg 14' 38'' S;209;2023;1;28;7.1;26.8
470001;Lord Cochrane Ad.;47&deg 14' 38'' S;209;2023;1;29;8.8;27.8
470001;Lord Cochrane Ad.;47&deg 14' 38'' S;209;2023;1;30;10.3;20.1
470001;Lord Cochrane Ad.;47&deg 14' 38'' S;209;2023;1;31;10.3;22.3
510005;Teniente Gallardo, Puerto Natales Ad.;51&deg 40' 2'' S;69;2023;1;1;7.2;17.1
510005;Teniente Gallardo, Puerto Natales Ad.;51&deg 40' 2'' S;69;2023;1;2;5.3;15.2
510005;Teniente Gallardo, Puerto Natales Ad.;51&deg 40' 2'' S;69;2023;1;3;8.7;17.0
510005;Teniente Gallardo, Puerto Natales Ad.;51&deg 40' 2'' S;69;2023;1;4;10.0;17.0
510005;Teniente Gallardo, Puerto Natales Ad.;51&deg 40' 2'' S;69;2023;1;5;13.1;23.1
510005;Teniente Gallardo, Puerto Natales Ad.;51&deg 40' 2'' S;69;2023;1;6;9.5;19.7
510005;Teniente Gallardo, Puerto Natales Ad.;51&deg 40' 2'' S;69;2023;1;7;6.9;21.3
510005;Teniente Gallardo, Puerto Natales Ad.;51&deg 40' 2'' S;69;2023;1;8;3.0;22.2
510005;Teniente Gallardo, Puerto Natales Ad.;51&deg 40' 2'' S;69;2023;1;9;8.4;16.5
510005;Teniente Gallardo, Puerto Natales Ad.;51&deg 40' 2'' S;69;2023;1;10;1.4;18.7
510005;Teniente Gallardo, Puerto Natales Ad.;51&deg 40' 2'' S;69;2023;1;11;1.8;18.2
510005;Teniente Gallardo, Puerto Natales Ad.;51&deg 40' 2'' S;69;2023;1;12;5.9;20.8
510005;Teniente Gallardo, Puerto Natales Ad.;51&deg 40' 2'' S;69;2023;1;13;12.3;18.9
510005;Teniente Gallardo, Puerto Natales Ad.;51&deg 40' 2'' S;69;2023;1;14;4.6;16.4
510005;Teniente Gallardo, Puerto Natales Ad.;51&deg 40' 2'' S;69;2023;1;15;11.2;19.3
510005;Teniente Gallardo, Puerto Natales Ad.;51&deg 40' 2'' S;69;2023;1;16;9.5;18.2
510005;Teniente Gallardo, Puerto Natales Ad.;51&deg 40' 2'' S;69;2023;1;17;3.1;23.7
510005;Teniente Gallardo, Puerto Natales Ad.;51&deg 40' 2'' S;69;2023;1;18;15.5;25.9
510005;Teniente Gallardo, Puerto Natales Ad.;51&deg 40' 2'' S;69;2023;1;19;6.6;25.4
510005;Teniente Gallardo, Puerto Natales Ad.;51&deg 40' 2'' S;69;2023;1;20;11.2;21.1
510005;Teniente Gallardo, Puerto Natales Ad.;51&deg 40' 2'' S;69;2023;1;21;7.6;20.0
510005;Teniente Gallardo, Puerto Natales Ad.;51&deg 40' 2'' S;69;2023;1;22;-0.2;18.6
510005;Teniente Gallardo, Puerto Natales Ad.;51&deg 40' 2'' S;69;2023;1;23;8.9;22.9
510005;Teniente Gallardo, Puerto Natales Ad.;51&deg 40' 2'' S;69;2023;1;24;4.5;14.0
510005;Teniente Gallardo, Puerto Natales Ad.;51&deg 40' 2'' S;69;2023;1;25;5.1;15.2
510005;Teniente Gallardo, Puerto Natales Ad.;51&deg 40' 2'' S;69;2023;1;26;5.5;14.5
510005;Teniente Gallardo, Puerto Natales Ad.;51&deg 40' 2'' S;69;2023;1;27;9.5;17.9
510005;Teniente Gallardo, Puerto Natales Ad.;51&deg 40' 2'' S;69;2023;1;28;14.6;22.0
510005;Teniente Gallardo, Puerto Natales Ad.;51&deg 40' 2'' S;69;2023;1;29;13.8;20.4
510005;Teniente Gallardo, Puerto Natales Ad.;51&deg 40' 2'' S;69;2023;1;30;7.7;15.5
510005;Teniente Gallardo, Puerto Natales Ad.;51&deg 40' 2'' S;69;2023;1;31;8.2;19.0
520006;Carlos Ibañez, Punta Arenas Ap.;53&deg 0' 6'' S;36;2023;1;1;6.9;14.9
520006;Carlos Ibañez, Punta Arenas Ap.;53&deg 0' 6'' S;36;2023;1;2;4.5;12.3
520006;Carlos Ibañez, Punta Arenas Ap.;53&deg 0' 6'' S;36;2023;1;3;6.7;13.8
520006;Carlos Ibañez, Punta Arenas Ap.;53&deg 0' 6'' S;36;2023;1;4;8.3;14.1
520006;Carlos Ibañez, Punta Arenas Ap.;53&deg 0' 6'' S;36;2023;1;5;7.4;21.9
520006;Carlos Ibañez, Punta Arenas Ap.;53&deg 0' 6'' S;36;2023;1;6;7.2;18.7
520006;Carlos Ibañez, Punta Arenas Ap.;53&deg 0' 6'' S;36;2023;1;7;6.9;20.5
520006;Carlos Ibañez, Punta Arenas Ap.;53&deg 0' 6'' S;36;2023;1;8;6.9;18.4
520006;Carlos Ibañez, Punta Arenas Ap.;53&deg 0' 6'' S;36;2023;1;9;10.8;15.0
520006;Carlos Ibañez, Punta Arenas Ap.;53&deg 0' 6'' S;36;2023;1;10;7.0;15.9
520006;Carlos Ibañez, Punta Arenas Ap.;53&deg 0' 6'' S;36;2023;1;11;6.2;16.8
520006;Carlos Ibañez, Punta Arenas Ap.;53&deg 0' 6'' S;36;2023;1;12;6.8;19.2
520006;Carlos Ibañez, Punta Arenas Ap.;53&deg 0' 6'' S;36;2023;1;13;10.8;16.3
520006;Carlos Ibañez, Punta Arenas Ap.;53&deg 0' 6'' S;36;2023;1;14;5.6;12.0
520006;Carlos Ibañez, Punta Arenas Ap.;53&deg 0' 6'' S;36;2023;1;15;9.9;16.8
520006;Carlos Ibañez, Punta Arenas Ap.;53&deg 0' 6'' S;36;2023;1;16;8.7;14.2
520006;Carlos Ibañez, Punta Arenas Ap.;53&deg 0' 6'' S;36;2023;1;17;4.9;19.5
520006;Carlos Ibañez, Punta Arenas Ap.;53&deg 0' 6'' S;36;2023;1;18;12.4;21.9
520006;Carlos Ibañez, Punta Arenas Ap.;53&deg 0' 6'' S;36;2023;1;19;9.9;17.8
520006;Carlos Ibañez, Punta Arenas Ap.;53&deg 0' 6'' S;36;2023;1;20;8.6;15.6
520006;Carlos Ibañez, Punta Arenas Ap.;53&deg 0' 6'' S;36;2023;1;21;9.1;18.2
520006;Carlos Ibañez, Punta Arenas Ap.;53&deg 0' 6'' S;36;2023;1;22;3.7;17.5
520006;Carlos Ibañez, Punta Arenas Ap.;53&deg 0' 6'' S;36;2023;1;23;10.4;17.0
520006;Carlos Ibañez, Punta Arenas Ap.;53&deg 0' 6'' S;36;2023;1;24;4.3;12.3
520006;Carlos Ibañez, Punta Arenas Ap.;53&deg 0' 6'' S;36;2023;1;25;8.0;13.8
520006;Carlos Ibañez, Punta Arenas Ap.;53&deg 0' 6'' S;36;2023;1;26;5.1;12.9
520006;Carlos Ibañez, Punta Arenas Ap.;53&deg 0' 6'' S;36;2023;1;27;7.2;15.6
520006;Carlos Ibañez, Punta Arenas Ap.;53&deg 0' 6'' S;36;2023;1;28;10.8;18.5
520006;Carlos Ibañez, Punta Arenas Ap.;53&deg 0' 6'' S;36;2023;1;29;10.0;17.5
520006;Carlos Ibañez, Punta Arenas Ap.;53&deg 0' 6'' S;36;2023;1;30;7.5;15.0
520006;Carlos Ibañez, Punta Arenas Ap.;53&deg 0' 6'' S;36;2023;1;31;8.0;17.3
530005;Fuentes Martínez, Porvenir Ad.;53&deg 15' 13'' S;25;2023;1;1;6.9;14.0
530005;Fuentes Martínez, Porvenir Ad.;53&deg 15' 13'' S;25;2023;1;2;;13.5
530005;Fuentes Martínez, Porvenir Ad.;53&deg 15' 13'' S;25;2023;1;3;6.2;14.0
530005;Fuentes Martínez, Porvenir Ad.;53&deg 15' 13'' S;25;2023;1;4;7.0;13.6
530005;Fuentes Martínez, Porvenir Ad.;53&deg 15' 13'' S;25;2023;1;5;6.8;18.9
530005;Fuentes Martínez, Porvenir Ad.;53&deg 15' 13'' S;25;2023;1;6;4.8;18.0
530005;Fuentes Martínez, Porvenir Ad.;53&deg 15' 13'' S;25;2023;1;7;2.3;20.1
530005;Fuentes Martínez, Porvenir Ad.;53&deg 15' 13'' S;25;2023;1;8;7.1;24.9
530005;Fuentes Martínez, Porvenir Ad.;53&deg 15' 13'' S;25;2023;1;9;8.9;17.0
530005;Fuentes Martínez, Porvenir Ad.;53&deg 15' 13'' S;25;2023;1;10;6.1;18.2
530005;Fuentes Martínez, Porvenir Ad.;53&deg 15' 13'' S;25;2023;1;11;4.3;16.7
530005;Fuentes Martínez, Porvenir Ad.;53&deg 15' 13'' S;25;2023;1;12;9.3;18.5
530005;Fuentes Martínez, Porvenir Ad.;53&deg 15' 13'' S;25;2023;1;13;11.5;16.9
530005;Fuentes Martínez, Porvenir Ad.;53&deg 15' 13'' S;25;2023;1;14;6.3;13.5
530005;Fuentes Martínez, Porvenir Ad.;53&deg 15' 13'' S;25;2023;1;15;9.4;15.7
530005;Fuentes Martínez, Porvenir Ad.;53&deg 15' 13'' S;25;2023;1;16;7.4;14.9
530005;Fuentes Martínez, Porvenir Ad.;53&deg 15' 13'' S;25;2023;1;17;2.7;19.9
530005;Fuentes Martínez, Porvenir Ad.;53&deg 15' 13'' S;25;2023;1;18;11.5;21.6
530005;Fuentes Martínez, Porvenir Ad.;53&deg 15' 13'' S;25;2023;1;19;7.8;19.0
530005;Fuentes Martínez, Porvenir Ad.;53&deg 15' 13'' S;25;2023;1;20;8.0;19.6
530005;Fuentes Martínez, Porvenir Ad.;53&deg 15' 13'' S;25;2023;1;21;8.0;18.2
530005;Fuentes Martínez, Porvenir Ad.;53&deg 15' 13'' S;25;2023;1;22;2.2;17.0
530005;Fuentes Martínez, Porvenir Ad.;53&deg 15' 13'' S;25;2023;1;23;10.1;21.5
530005;Fuentes Martínez, Porvenir Ad.;53&deg 15' 13'' S;25;2023;1;24;3.1;12.4
530005;Fuentes Martínez, Porvenir Ad.;53&deg 15' 13'' S;25;2023;1;25;7.8;13.0
530005;Fuentes Martínez, Porvenir Ad.;53&deg 15' 13'' S;25;2023;1;26;5.8;13.5
530005;Fuentes Martínez, Porvenir Ad.;53&deg 15' 13'' S;25;2023;1;27;7.2;16.4
530005;Fuentes Martínez, Porvenir Ad.;53&deg 15' 13'' S;25;2023;1;28;9.8;18.4
530005;Fuentes Martínez, Porvenir Ad.;53&deg 15' 13'' S;25;2023;1;29;7.1;17.8
530005;Fuentes Martínez, Porvenir Ad.;53&deg 15' 13'' S;25;2023;1;30;7.1;14.5
530005;Fuentes Martínez, Porvenir Ad.;53&deg 15' 13'' S;25;2023;1;31;6.5;16.0
550001;Guardiamarina Zañartu, Pto Williams Ad.;54&deg 55' 54'' S;12;2023;1;1;7.8;13.6
550001;Guardiamarina Zañartu, Pto Williams Ad.;54&deg 55' 54'' S;12;2023;1;2;5.9;10.4
550001;Guardiamarina Zañartu, Pto Williams Ad.;54&deg 55' 54'' S;12;2023;1;3;6.2;11.0
550001;Guardiamarina Zañartu, Pto Williams Ad.;54&deg 55' 54'' S;12;2023;1;4;4.0;11.7
550001;Guardiamarina Zañartu, Pto Williams Ad.;54&deg 55' 54'' S;12;2023;1;5;4.1;16.1
550001;Guardiamarina Zañartu, Pto Williams Ad.;54&deg 55' 54'' S;12;2023;1;6;9.2;17.3
550001;Guardiamarina Zañartu, Pto Williams Ad.;54&deg 55' 54'' S;12;2023;1;7;6.2;19.3
550001;Guardiamarina Zañartu, Pto Williams Ad.;54&deg 55' 54'' S;12;2023;1;8;10.3;23.4
550001;Guardiamarina Zañartu, Pto Williams Ad.;54&deg 55' 54'' S;12;2023;1;9;11.7;20.7
550001;Guardiamarina Zañartu, Pto Williams Ad.;54&deg 55' 54'' S;12;2023;1;10;7.8;16.5
550001;Guardiamarina Zañartu, Pto Williams Ad.;54&deg 55' 54'' S;12;2023;1;11;7.4;13.1
550001;Guardiamarina Zañartu, Pto Williams Ad.;54&deg 55' 54'' S;12;2023;1;12;4.9;18.1
550001;Guardiamarina Zañartu, Pto Williams Ad.;54&deg 55' 54'' S;12;2023;1;13;6.6;17.0
550001;Guardiamarina Zañartu, Pto Williams Ad.;54&deg 55' 54'' S;12;2023;1;14;;
550001;Guardiamarina Zañartu, Pto Williams Ad.;54&deg 55' 54'' S;12;2023;1;15;;16.4
550001;Guardiamarina Zañartu, Pto Williams Ad.;54&deg 55' 54'' S;12;2023;1;16;6.5;14.0
550001;Guardiamarina Zañartu, Pto Williams Ad.;54&deg 55' 54'' S;12;2023;1;17;6.6;18.4
550001;Guardiamarina Zañartu, Pto Williams Ad.;54&deg 55' 54'' S;12;2023;1;18;10.0;19.6
550001;Guardiamarina Zañartu, Pto Williams Ad.;54&deg 55' 54'' S;12;2023;1;19;5.4;15.2
550001;Guardiamarina Zañartu, Pto Williams Ad.;54&deg 55' 54'' S;12;2023;1;20;8.9;15.9
550001;Guardiamarina Zañartu, Pto Williams Ad.;54&deg 55' 54'' S;12;2023;1;21;7.5;16.0
550001;Guardiamarina Zañartu, Pto Williams Ad.;54&deg 55' 54'' S;12;2023;1;22;4.0;17.1
550001;Guardiamarina Zañartu, Pto Williams Ad.;54&deg 55' 54'' S;12;2023;1;23;7.2;16.0
550001;Guardiamarina Zañartu, Pto Williams Ad.;54&deg 55' 54'' S;12;2023;1;24;3.8;14.6
550001;Guardiamarina Zañartu, Pto Williams Ad.;54&deg 55' 54'' S;12;2023;1;25;6.0;14.5
550001;Guardiamarina Zañartu, Pto Williams Ad.;54&deg 55' 54'' S;12;2023;1;26;2.9;14.4
550001;Guardiamarina Zañartu, Pto Williams Ad.;54&deg 55' 54'' S;12;2023;1;27;6.5;14.0
550001;Guardiamarina Zañartu, Pto Williams Ad.;54&deg 55' 54'' S;12;2023;1;28;8.8;16.8
550001;Guardiamarina Zañartu, Pto Williams Ad.;54&deg 55' 54'' S;12;2023;1;29;5.1;14.3
550001;Guardiamarina Zañartu, Pto Williams Ad.;54&deg 55' 54'' S;12;2023;1;30;4.4;15.0
550001;Guardiamarina Zañartu, Pto Williams Ad.;54&deg 55' 54'' S;12;2023;1;31;5.6;16.1
950001;C.M.A. Eduardo Frei Montalva, Antártica ;62&deg 11' 31'' S;45;2023;1;1;-0.5;2.7
950001;C.M.A. Eduardo Frei Montalva, Antártica ;62&deg 11' 31'' S;45;2023;1;2;-1.0;1.9
950001;C.M.A. Eduardo Frei Montalva, Antártica ;62&deg 11' 31'' S;45;2023;1;3;-1.6;1.3
950001;C.M.A. Eduardo Frei Montalva, Antártica ;62&deg 11' 31'' S;45;2023;1;4;-1.9;0.9
950001;C.M.A. Eduardo Frei Montalva, Antártica ;62&deg 11' 31'' S;45;2023;1;5;-0.8;3.1
950001;C.M.A. Eduardo Frei Montalva, Antártica ;62&deg 11' 31'' S;45;2023;1;6;0.4;4.7
950001;C.M.A. Eduardo Frei Montalva, Antártica ;62&deg 11' 31'' S;45;2023;1;7;1.8;4.2
950001;C.M.A. Eduardo Frei Montalva, Antártica ;62&deg 11' 31'' S;45;2023;1;8;0.8;4.0
950001;C.M.A. Eduardo Frei Montalva, Antártica ;62&deg 11' 31'' S;45;2023;1;9;1.2;4.8
950001;C.M.A. Eduardo Frei Montalva, Antártica ;62&deg 11' 31'' S;45;2023;1;10;0.4;2.9
950001;C.M.A. Eduardo Frei Montalva, Antártica ;62&deg 11' 31'' S;45;2023;1;11;0.8;2.0
950001;C.M.A. Eduardo Frei Montalva, Antártica ;62&deg 11' 31'' S;45;2023;1;12;0.3;2.2
950001;C.M.A. Eduardo Frei Montalva, Antártica ;62&deg 11' 31'' S;45;2023;1;13;0.5;2.7
950001;C.M.A. Eduardo Frei Montalva, Antártica ;62&deg 11' 31'' S;45;2023;1;14;0.5;2.6
950001;C.M.A. Eduardo Frei Montalva, Antártica ;62&deg 11' 31'' S;45;2023;1;15;1.5;3.9
950001;C.M.A. Eduardo Frei Montalva, Antártica ;62&deg 11' 31'' S;45;2023;1;16;0.1;3.1
950001;C.M.A. Eduardo Frei Montalva, Antártica ;62&deg 11' 31'' S;45;2023;1;17;-0.8;2.7
950001;C.M.A. Eduardo Frei Montalva, Antártica ;62&deg 11' 31'' S;45;2023;1;18;-0.5;3.8
950001;C.M.A. Eduardo Frei Montalva, Antártica ;62&deg 11' 31'' S;45;2023;1;19;2.2;4.1
950001;C.M.A. Eduardo Frei Montalva, Antártica ;62&deg 11' 31'' S;45;2023;1;20;1.5;3.1
950001;C.M.A. Eduardo Frei Montalva, Antártica ;62&deg 11' 31'' S;45;2023;1;21;1.7;3.7
950001;C.M.A. Eduardo Frei Montalva, Antártica ;62&deg 11' 31'' S;45;2023;1;22;1.7;3.6
950001;C.M.A. Eduardo Frei Montalva, Antártica ;62&deg 11' 31'' S;45;2023;1;23;1.3;4.6
950001;C.M.A. Eduardo Frei Montalva, Antártica ;62&deg 11' 31'' S;45;2023;1;24;2.2;4.8
950001;C.M.A. Eduardo Frei Montalva, Antártica ;62&deg 11' 31'' S;45;2023;1;25;0.4;3.1
950001;C.M.A. Eduardo Frei Montalva, Antártica ;62&deg 11' 31'' S;45;2023;1;26;1.2;3.4
950001;C.M.A. Eduardo Frei Montalva, Antártica ;62&deg 11' 31'' S;45;2023;1;27;-0.4;2.4
950001;C.M.A. Eduardo Frei Montalva, Antártica ;62&deg 11' 31'' S;45;2023;1;28;0.1;2.9
950001;C.M.A. Eduardo Frei Montalva, Antártica ;62&deg 11' 31'' S;45;2023;1;29;0.1;2.6
950001;C.M.A. Eduardo Frei Montalva, Antártica ;62&deg 11' 31'' S;45;2023;1;30;-0.6;2.2
950001;C.M.A. Eduardo Frei Montalva, Antártica ;62&deg 11' 31'' S;45;2023;1;31;0.4;2.9
